荷主ID,荷主名,倉庫ID,倉庫名,ブロックID,ブロック名称,ブロック略称,列（段）,連（列）,段（連）,業務区分,引当条件,取引先名,ロケバーコード,ロケ,梱包形態ID,梱包形態名称
2,アンカー・ジャパン㈱,1,加須センター,290,ネステナ,B,004,001,11,卸,指定した業態に優先して取り置く,,*29000400111*,B-004-001-11,3,ケース
2,アンカー・ジャパン㈱,1,加須センター,290,ネステナ,B,004,001,12,卸,指定した業態に優先して取り置く,,*29000400112*,B-004-001-12,3,ケース
2,アンカー・ジャパン㈱,1,加須センター,290,ネステナ,B,004,002,11,卸,指定した業態に優先して取り置く,,*29000400211*,B-004-002-11,3,ケース
2,アンカー・ジャパン㈱,1,加須センター,290,ネステナ,B,004,002,12,卸,指定した業態に優先して取り置く,,*29000400212*,B-004-002-12,3,ケース
2,アンカー・ジャパン㈱,1,加須センター,290,ネステナ,B,004,003,11,卸,指定した業態に優先して取り置く,,*29000400311*,B-004-003-11,3,ケース
2,アンカー・ジャパン㈱,1,加須センター,290,ネステナ,B,004,003,12,卸,指定した業態に優先して取り置く,,*29000400312*,B-004-003-12,3,ケース
2,アンカー・ジャパン㈱,1,加須センター,290,ネステナ,B,004,004,01,卸,指定した業態に優先して取り置く,,*29000400401*,B-004-004-01,3,ケース
2,アンカー・ジャパン㈱,1,加須センター,290,ネステナ,B,004,004,02,卸,指定した業態に優先して取り置く,,*29000400402*,B-004-004-02,3,ケース
2,アンカー・ジャパン㈱,1,加須センター,290,ネステナ,B,004,004,03,卸,指定した業態に優先して取り置く,,*29000400403*,B-004-004-03,3,ケース
2,アンカー・ジャパン㈱,1,加須センター,290,ネステナ,B,004,004,04,卸,指定した業態に優先して取り置く,,*29000400404*,B-004-004-04,3,ケース
2,アンカー・ジャパン㈱,1,加須センター,290,ネステナ,B,004,004,05,卸,指定した業態に優先して取り置く,,*29000400405*,B-004-004-05,3,ケース
2,アンカー・ジャパン㈱,1,加須センター,290,ネステナ,B,004,004,06,卸,指定した業態に優先して取り置く,,*29000400406*,B-004-004-06,3,ケース
2,アンカー・ジャパン㈱,1,加須センター,290,ネステナ,B,001,004,07,卸,指定した業態に優先して取り置く,,*29000100407*,B-001-004-07,3,ケース
2,アンカー・ジャパン㈱,1,加須センター,290,ネステナ,B,002,004,07,卸,指定した業態に優先して取り置く,,*29000200407*,B-002-004-07,3,ケース
2,アンカー・ジャパン㈱,1,加須センター,290,ネステナ,B,003,004,07,卸,指定した業態に優先して取り置く,,*29000300407*,B-003-004-07,3,ケース
2,アンカー・ジャパン㈱,1,加須センター,290,ネステナ,B,004,004,07,卸,指定した業態に優先して取り置く,,*29000400407*,B-004-004-07,3,ケース
2,アンカー・ジャパン㈱,1,加須センター,290,ネステナ,B,001,004,08,卸,指定した業態に優先して取り置く,,*29000100408*,B-001-004-08,3,ケース
2,アンカー・ジャパン㈱,1,加須センター,290,ネステナ,B,002,004,08,卸,指定した業態に優先して取り置く,,*29000200408*,B-002-004-08,3,ケース
2,アンカー・ジャパン㈱,1,加須センター,290,ネステナ,B,003,004,08,卸,指定した業態に優先して取り置く,,*29000300408*,B-003-004-08,3,ケース
2,アンカー・ジャパン㈱,1,加須センター,290,ネステナ,B,004,004,08,卸,指定した業態に優先して取り置く,,*29000400408*,B-004-004-08,3,ケース
2,アンカー・ジャパン㈱,1,加須センター,290,ネステナ,B,004,004,09,卸,指定した業態に優先して取り置く,,*29000400409*,B-004-004-09,3,ケース
2,アンカー・ジャパン㈱,1,加須センター,290,ネステナ,B,004,004,10,卸,指定した業態に優先して取り置く,,*29000400410*,B-004-004-10,3,ケース
2,アンカー・ジャパン㈱,1,加須センター,290,ネステナ,B,004,004,11,卸,指定した業態に優先して取り置く,,*29000400411*,B-004-004-11,3,ケース
2,アンカー・ジャパン㈱,1,加須センター,290,ネステナ,B,004,004,12,卸,指定した業態に優先して取り置く,,*29000400412*,B-004-004-12,3,ケース
2,アンカー・ジャパン㈱,1,加須センター,290,ネステナ,B,004,005,11,卸,指定した業態に優先して取り置く,,*29000400511*,B-004-005-11,3,ケース
2,アンカー・ジャパン㈱,1,加須センター,290,ネステナ,B,004,005,12,卸,指定した業態に優先して取り置く,,*29000400512*,B-004-005-12,3,ケース
2,アンカー・ジャパン㈱,1,加須センター,290,ネステナ,B,001,008,07,卸,指定した業態に優先して取り置く,,*29000100807*,B-001-008-07,3,ケース
2,アンカー・ジャパン㈱,1,加須センター,290,ネステナ,B,002,008,07,卸,指定した業態に優先して取り置く,,*29000200807*,B-002-008-07,3,ケース
2,アンカー・ジャパン㈱,1,加須センター,290,ネステナ,B,003,008,07,卸,指定した業態に優先して取り置く,,*29000300807*,B-003-008-07,3,ケース
2,アンカー・ジャパン㈱,1,加須センター,290,ネステナ,B,004,008,07,卸,指定した業態に優先して取り置く,,*29000400807*,B-004-008-07,3,ケース
2,アンカー・ジャパン㈱,1,加須センター,290,ネステナ,B,001,008,08,卸,指定した業態に優先して取り置く,,*29000100808*,B-001-008-08,3,ケース
2,アンカー・ジャパン㈱,1,加須センター,290,ネステナ,B,002,008,08,卸,指定した業態に優先して取り置く,,*29000200808*,B-002-008-08,3,ケース
2,アンカー・ジャパン㈱,1,加須センター,290,ネステナ,B,003,008,08,卸,指定した業態に優先して取り置く,,*29000300808*,B-003-008-08,3,ケース
2,アンカー・ジャパン㈱,1,加須センター,290,ネステナ,B,004,008,08,卸,指定した業態に優先して取り置く,,*29000400808*,B-004-008-08,3,ケース
2,アンカー・ジャパン㈱,1,加須センター,290,ネステナ,B,001,011,12,卸,指定した業態に優先して取り置く,,*29000101112*,B-001-011-12,3,ケース
2,アンカー・ジャパン㈱,1,加須センター,290,ネステナ,B,002,011,12,卸,指定した業態に優先して取り置く,,*29000201112*,B-002-011-12,3,ケース
2,アンカー・ジャパン㈱,1,加須センター,290,ネステナ,B,003,011,12,卸,指定した業態に優先して取り置く,,*29000301112*,B-003-011-12,3,ケース
2,アンカー・ジャパン㈱,1,加須センター,290,ネステナ,B,004,011,12,卸,指定した業態に優先して取り置く,,*29000401112*,B-004-011-12,3,ケース
2,アンカー・ジャパン㈱,1,加須センター,290,ネステナ,B,001,012,01,卸,指定した業態に優先して取り置く,,*29000101201*,B-001-012-01,3,ケース
2,アンカー・ジャパン㈱,1,加須センター,290,ネステナ,B,002,012,01,卸,指定した業態に優先して取り置く,,*29000201201*,B-002-012-01,3,ケース
2,アンカー・ジャパン㈱,1,加須センター,290,ネステナ,B,003,012,01,卸,指定した業態に優先して取り置く,,*29000301201*,B-003-012-01,3,ケース
2,アンカー・ジャパン㈱,1,加須センター,290,ネステナ,B,004,012,01,卸,指定した業態に優先して取り置く,,*29000401201*,B-004-012-01,3,ケース
2,アンカー・ジャパン㈱,1,加須センター,290,ネステナ,B,001,012,02,卸,指定した業態に優先して取り置く,,*29000101202*,B-001-012-02,3,ケース
2,アンカー・ジャパン㈱,1,加須センター,290,ネステナ,B,002,012,02,卸,指定した業態に優先して取り置く,,*29000201202*,B-002-012-02,3,ケース
2,アンカー・ジャパン㈱,1,加須センター,290,ネステナ,B,003,012,02,卸,指定した業態に優先して取り置く,,*29000301202*,B-003-012-02,3,ケース
2,アンカー・ジャパン㈱,1,加須センター,290,ネステナ,B,004,012,02,卸,指定した業態に優先して取り置く,,*29000401202*,B-004-012-02,3,ケース
2,アンカー・ジャパン㈱,1,加須センター,290,ネステナ,B,001,012,03,卸,指定した業態に優先して取り置く,,*29000101203*,B-001-012-03,3,ケース
2,アンカー・ジャパン㈱,1,加須センター,290,ネステナ,B,002,012,03,卸,指定した業態に優先して取り置く,,*29000201203*,B-002-012-03,3,ケース
2,アンカー・ジャパン㈱,1,加須センター,290,ネステナ,B,003,012,03,卸,指定した業態に優先して取り置く,,*29000301203*,B-003-012-03,3,ケース
2,アンカー・ジャパン㈱,1,加須センター,290,ネステナ,B,004,012,03,卸,指定した業態に優先して取り置く,,*29000401203*,B-004-012-03,3,ケース
2,アンカー・ジャパン㈱,1,加須センター,290,ネステナ,B,001,012,04,卸,指定した業態に優先して取り置く,,*29000101204*,B-001-012-04,3,ケース
2,アンカー・ジャパン㈱,1,加須センター,290,ネステナ,B,002,012,04,卸,指定した業態に優先して取り置く,,*29000201204*,B-002-012-04,3,ケース
2,アンカー・ジャパン㈱,1,加須センター,290,ネステナ,B,003,012,04,卸,指定した業態に優先して取り置く,,*29000301204*,B-003-012-04,3,ケース
2,アンカー・ジャパン㈱,1,加須センター,290,ネステナ,B,004,012,04,卸,指定した業態に優先して取り置く,,*29000401204*,B-004-012-04,3,ケース
2,アンカー・ジャパン㈱,1,加須センター,290,ネステナ,B,001,012,05,卸,指定した業態に優先して取り置く,,*29000101205*,B-001-012-05,3,ケース
2,アンカー・ジャパン㈱,1,加須センター,290,ネステナ,B,002,012,05,卸,指定した業態に優先して取り置く,,*29000201205*,B-002-012-05,3,ケース
2,アンカー・ジャパン㈱,1,加須センター,290,ネステナ,B,003,012,05,卸,指定した業態に優先して取り置く,,*29000301205*,B-003-012-05,3,ケース
2,アンカー・ジャパン㈱,1,加須センター,290,ネステナ,B,004,012,05,卸,指定した業態に優先して取り置く,,*29000401205*,B-004-012-05,3,ケース
2,アンカー・ジャパン㈱,1,加須センター,290,ネステナ,B,001,012,06,卸,指定した業態に優先して取り置く,,*29000101206*,B-001-012-06,3,ケース
2,アンカー・ジャパン㈱,1,加須センター,290,ネステナ,B,002,012,06,卸,指定した業態に優先して取り置く,,*29000201206*,B-002-012-06,3,ケース
2,アンカー・ジャパン㈱,1,加須センター,290,ネステナ,B,003,012,06,卸,指定した業態に優先して取り置く,,*29000301206*,B-003-012-06,3,ケース
2,アンカー・ジャパン㈱,1,加須センター,290,ネステナ,B,004,012,06,卸,指定した業態に優先して取り置く,,*29000401206*,B-004-012-06,3,ケース
2,アンカー・ジャパン㈱,1,加須センター,290,ネステナ,B,001,012,07,卸,指定した業態に優先して取り置く,,*29000101207*,B-001-012-07,3,ケース
2,アンカー・ジャパン㈱,1,加須センター,290,ネステナ,B,002,012,07,卸,指定した業態に優先して取り置く,,*29000201207*,B-002-012-07,3,ケース
2,アンカー・ジャパン㈱,1,加須センター,290,ネステナ,B,003,012,07,卸,指定した業態に優先して取り置く,,*29000301207*,B-003-012-07,3,ケース
2,アンカー・ジャパン㈱,1,加須センター,290,ネステナ,B,004,012,07,卸,指定した業態に優先して取り置く,,*29000401207*,B-004-012-07,3,ケース
2,アンカー・ジャパン㈱,1,加須センター,290,ネステナ,B,001,012,08,卸,指定した業態に優先して取り置く,,*29000101208*,B-001-012-08,3,ケース
2,アンカー・ジャパン㈱,1,加須センター,290,ネステナ,B,002,012,08,卸,指定した業態に優先して取り置く,,*29000201208*,B-002-012-08,3,ケース
2,アンカー・ジャパン㈱,1,加須センター,290,ネステナ,B,003,012,08,卸,指定した業態に優先して取り置く,,*29000301208*,B-003-012-08,3,ケース
2,アンカー・ジャパン㈱,1,加須センター,290,ネステナ,B,004,012,08,卸,指定した業態に優先して取り置く,,*29000401208*,B-004-012-08,3,ケース
2,アンカー・ジャパン㈱,1,加須センター,290,ネステナ,B,001,012,09,卸,指定した業態に優先して取り置く,,*29000101209*,B-001-012-09,3,ケース
2,アンカー・ジャパン㈱,1,加須センター,290,ネステナ,B,002,012,09,卸,指定した業態に優先して取り置く,,*29000201209*,B-002-012-09,3,ケース
2,アンカー・ジャパン㈱,1,加須センター,290,ネステナ,B,003,012,09,卸,指定した業態に優先して取り置く,,*29000301209*,B-003-012-09,3,ケース
2,アンカー・ジャパン㈱,1,加須センター,290,ネステナ,B,004,012,09,卸,指定した業態に優先して取り置く,,*29000401209*,B-004-012-09,3,ケース
2,アンカー・ジャパン㈱,1,加須センター,290,ネステナ,B,001,012,10,卸,指定した業態に優先して取り置く,,*29000101210*,B-001-012-10,3,ケース
2,アンカー・ジャパン㈱,1,加須センター,290,ネステナ,B,002,012,10,卸,指定した業態に優先して取り置く,,*29000201210*,B-002-012-10,3,ケース
2,アンカー・ジャパン㈱,1,加須センター,290,ネステナ,B,003,012,10,卸,指定した業態に優先して取り置く,,*29000301210*,B-003-012-10,3,ケース
2,アンカー・ジャパン㈱,1,加須センター,290,ネステナ,B,004,012,10,卸,指定した業態に優先して取り置く,,*29000401210*,B-004-012-10,3,ケース
2,アンカー・ジャパン㈱,1,加須センター,290,ネステナ,B,001,012,11,卸,指定した業態に優先して取り置く,,*29000101211*,B-001-012-11,3,ケース
2,アンカー・ジャパン㈱,1,加須センター,290,ネステナ,B,002,012,11,卸,指定した業態に優先して取り置く,,*29000201211*,B-002-012-11,3,ケース
2,アンカー・ジャパン㈱,1,加須センター,290,ネステナ,B,003,012,11,卸,指定した業態に優先して取り置く,,*29000301211*,B-003-012-11,3,ケース
2,アンカー・ジャパン㈱,1,加須センター,290,ネステナ,B,004,012,11,卸,指定した業態に優先して取り置く,,*29000401211*,B-004-012-11,3,ケース
2,アンカー・ジャパン㈱,1,加須センター,290,ネステナ,B,001,012,12,卸,指定した業態に優先して取り置く,,*29000101212*,B-001-012-12,3,ケース
2,アンカー・ジャパン㈱,1,加須センター,290,ネステナ,B,002,012,12,卸,指定した業態に優先して取り置く,,*29000201212*,B-002-012-12,3,ケース
2,アンカー・ジャパン㈱,1,加須センター,290,ネステナ,B,003,012,12,卸,指定した業態に優先して取り置く,,*29000301212*,B-003-012-12,3,ケース
2,アンカー・ジャパン㈱,1,加須センター,290,ネステナ,B,004,012,12,卸,指定した業態に優先して取り置く,,*29000401212*,B-004-012-12,3,ケース
2,アンカー・ジャパン㈱,1,加須センター,290,ネステナ,B,001,012,13,卸,指定した業態に優先して取り置く,,*29000101213*,B-001-012-13,3,ケース
2,アンカー・ジャパン㈱,1,加須センター,290,ネステナ,B,002,012,13,卸,指定した業態に優先して取り置く,,*29000201213*,B-002-012-13,3,ケース
2,アンカー・ジャパン㈱,1,加須センター,290,ネステナ,B,003,012,13,卸,指定した業態に優先して取り置く,,*29000301213*,B-003-012-13,3,ケース
2,アンカー・ジャパン㈱,1,加須センター,290,ネステナ,B,004,012,13,卸,指定した業態に優先して取り置く,,*29000401213*,B-004-012-13,3,ケース
2,アンカー・ジャパン㈱,1,加須センター,290,ネステナ,B,001,012,14,卸,指定した業態に優先して取り置く,,*29000101214*,B-001-012-14,3,ケース
2,アンカー・ジャパン㈱,1,加須センター,290,ネステナ,B,002,012,14,卸,指定した業態に優先して取り置く,,*29000201214*,B-002-012-14,3,ケース
2,アンカー・ジャパン㈱,1,加須センター,290,ネステナ,B,003,012,14,卸,指定した業態に優先して取り置く,,*29000301214*,B-003-012-14,3,ケース
2,アンカー・ジャパン㈱,1,加須センター,290,ネステナ,B,004,012,14,卸,指定した業態に優先して取り置く,,*29000401214*,B-004-012-14,3,ケース
2,アンカー・ジャパン㈱,1,加須センター,290,ネステナ,B,001,014,20,卸,指定した業態に優先して取り置く,,*29000101420*,B-001-014-20,3,ケース
2,アンカー・ジャパン㈱,1,加須センター,290,ネステナ,B,002,014,20,卸,指定した業態に優先して取り置く,,*29000201420*,B-002-014-20,3,ケース
2,アンカー・ジャパン㈱,1,加須センター,290,ネステナ,B,003,014,20,卸,指定した業態に優先して取り置く,,*29000301420*,B-003-014-20,3,ケース
2,アンカー・ジャパン㈱,1,加須センター,290,ネステナ,B,004,014,20,卸,指定した業態に優先して取り置く,,*29000401420*,B-004-014-20,3,ケース
2,アンカー・ジャパン㈱,1,加須センター,290,ネステナ,B,001,015,07,卸,指定した業態に優先して取り置く,,*29000101507*,B-001-015-07,3,ケース
2,アンカー・ジャパン㈱,1,加須センター,290,ネステナ,B,002,015,07,卸,指定した業態に優先して取り置く,,*29000201507*,B-002-015-07,3,ケース
2,アンカー・ジャパン㈱,1,加須センター,290,ネステナ,B,003,015,07,卸,指定した業態に優先して取り置く,,*29000301507*,B-003-015-07,3,ケース
2,アンカー・ジャパン㈱,1,加須センター,290,ネステナ,B,004,015,07,卸,指定した業態に優先して取り置く,,*29000401507*,B-004-015-07,3,ケース
2,アンカー・ジャパン㈱,1,加須センター,290,ネステナ,B,001,015,08,卸,指定した業態に優先して取り置く,,*29000101508*,B-001-015-08,3,ケース
2,アンカー・ジャパン㈱,1,加須センター,290,ネステナ,B,002,015,08,卸,指定した業態に優先して取り置く,,*29000201508*,B-002-015-08,3,ケース
2,アンカー・ジャパン㈱,1,加須センター,290,ネステナ,B,003,015,08,卸,指定した業態に優先して取り置く,,*29000301508*,B-003-015-08,3,ケース
2,アンカー・ジャパン㈱,1,加須センター,290,ネステナ,B,004,015,08,卸,指定した業態に優先して取り置く,,*29000401508*,B-004-015-08,3,ケース
2,アンカー・ジャパン㈱,1,加須センター,290,ネステナ,B,001,015,13,卸,指定した業態に優先して取り置く,,*29000101513*,B-001-015-13,3,ケース
2,アンカー・ジャパン㈱,1,加須センター,290,ネステナ,B,002,015,13,卸,指定した業態に優先して取り置く,,*29000201513*,B-002-015-13,3,ケース
2,アンカー・ジャパン㈱,1,加須センター,290,ネステナ,B,003,015,13,卸,指定した業態に優先して取り置く,,*29000301513*,B-003-015-13,3,ケース
2,アンカー・ジャパン㈱,1,加須センター,290,ネステナ,B,004,015,13,卸,指定した業態に優先して取り置く,,*29000401513*,B-004-015-13,3,ケース
2,アンカー・ジャパン㈱,1,加須センター,290,ネステナ,B,001,015,20,卸,指定した業態に優先して取り置く,,*29000101520*,B-001-015-20,3,ケース
2,アンカー・ジャパン㈱,1,加須センター,290,ネステナ,B,002,015,20,卸,指定した業態に優先して取り置く,,*29000201520*,B-002-015-20,3,ケース
2,アンカー・ジャパン㈱,1,加須センター,290,ネステナ,B,003,015,20,卸,指定した業態に優先して取り置く,,*29000301520*,B-003-015-20,3,ケース
2,アンカー・ジャパン㈱,1,加須センター,290,ネステナ,B,004,015,20,卸,指定した業態に優先して取り置く,,*29000401520*,B-004-015-20,3,ケース
2,アンカー・ジャパン㈱,1,加須センター,290,ネステナ,B,001,016,07,卸,指定した業態に優先して取り置く,,*29000101607*,B-001-016-07,3,ケース
2,アンカー・ジャパン㈱,1,加須センター,290,ネステナ,B,002,016,07,卸,指定した業態に優先して取り置く,,*29000201607*,B-002-016-07,3,ケース
2,アンカー・ジャパン㈱,1,加須センター,290,ネステナ,B,003,016,07,卸,指定した業態に優先して取り置く,,*29000301607*,B-003-016-07,3,ケース
2,アンカー・ジャパン㈱,1,加須センター,290,ネステナ,B,004,016,07,卸,指定した業態に優先して取り置く,,*29000401607*,B-004-016-07,3,ケース
2,アンカー・ジャパン㈱,1,加須センター,290,ネステナ,B,001,016,08,卸,指定した業態に優先して取り置く,,*29000101608*,B-001-016-08,3,ケース
2,アンカー・ジャパン㈱,1,加須センター,290,ネステナ,B,002,016,08,卸,指定した業態に優先して取り置く,,*29000201608*,B-002-016-08,3,ケース
2,アンカー・ジャパン㈱,1,加須センター,290,ネステナ,B,003,016,08,卸,指定した業態に優先して取り置く,,*29000301608*,B-003-016-08,3,ケース
2,アンカー・ジャパン㈱,1,加須センター,290,ネステナ,B,004,016,08,卸,指定した業態に優先して取り置く,,*29000401608*,B-004-016-08,3,ケース
2,アンカー・ジャパン㈱,1,加須センター,290,ネステナ,B,001,016,13,卸,指定した業態に優先して取り置く,,*29000101613*,B-001-016-13,3,ケース
2,アンカー・ジャパン㈱,1,加須センター,290,ネステナ,B,002,016,13,卸,指定した業態に優先して取り置く,,*29000201613*,B-002-016-13,3,ケース
2,アンカー・ジャパン㈱,1,加須センター,290,ネステナ,B,003,016,13,卸,指定した業態に優先して取り置く,,*29000301613*,B-003-016-13,3,ケース
2,アンカー・ジャパン㈱,1,加須センター,290,ネステナ,B,004,016,13,卸,指定した業態に優先して取り置く,,*29000401613*,B-004-016-13,3,ケース
2,アンカー・ジャパン㈱,1,加須センター,290,ネステナ,B,001,016,20,卸,指定した業態に優先して取り置く,,*29000101620*,B-001-016-20,3,ケース
2,アンカー・ジャパン㈱,1,加須センター,290,ネステナ,B,002,016,20,卸,指定した業態に優先して取り置く,,*29000201620*,B-002-016-20,3,ケース
2,アンカー・ジャパン㈱,1,加須センター,290,ネステナ,B,003,016,20,卸,指定した業態に優先して取り置く,,*29000301620*,B-003-016-20,3,ケース
2,アンカー・ジャパン㈱,1,加須センター,290,ネステナ,B,004,016,20,卸,指定した業態に優先して取り置く,,*29000401620*,B-004-016-20,3,ケース
2,アンカー・ジャパン㈱,1,加須センター,290,ネステナ,B,001,017,20,卸,指定した業態に優先して取り置く,,*29000101720*,B-001-017-20,3,ケース
2,アンカー・ジャパン㈱,1,加須センター,290,ネステナ,B,002,017,20,卸,指定した業態に優先して取り置く,,*29000201720*,B-002-017-20,3,ケース
2,アンカー・ジャパン㈱,1,加須センター,290,ネステナ,B,003,017,20,卸,指定した業態に優先して取り置く,,*29000301720*,B-003-017-20,3,ケース
2,アンカー・ジャパン㈱,1,加須センター,290,ネステナ,B,004,017,20,卸,指定した業態に優先して取り置く,,*29000401720*,B-004-017-20,3,ケース
2,アンカー・ジャパン㈱,1,加須センター,290,ネステナ,B,001,018,20,卸,指定した業態に優先して取り置く,,*29000101820*,B-001-018-20,3,ケース
2,アンカー・ジャパン㈱,1,加須センター,290,ネステナ,B,002,018,20,卸,指定した業態に優先して取り置く,,*29000201820*,B-002-018-20,3,ケース
2,アンカー・ジャパン㈱,1,加須センター,290,ネステナ,B,003,018,20,卸,指定した業態に優先して取り置く,,*29000301820*,B-003-018-20,3,ケース
2,アンカー・ジャパン㈱,1,加須センター,290,ネステナ,B,004,018,20,卸,指定した業態に優先して取り置く,,*29000401820*,B-004-018-20,3,ケース
2,アンカー・ジャパン㈱,1,加須センター,290,ネステナ,B,004,019,01,卸,指定した業態に優先して取り置く,,*29000401901*,B-004-019-01,3,ケース
2,アンカー・ジャパン㈱,1,加須センター,290,ネステナ,B,004,019,02,卸,指定した業態に優先して取り置く,,*29000401902*,B-004-019-02,3,ケース
2,アンカー・ジャパン㈱,1,加須センター,290,ネステナ,B,004,019,03,卸,指定した業態に優先して取り置く,,*29000401903*,B-004-019-03,3,ケース
2,アンカー・ジャパン㈱,1,加須センター,290,ネステナ,B,004,019,04,卸,指定した業態に優先して取り置く,,*29000401904*,B-004-019-04,3,ケース
2,アンカー・ジャパン㈱,1,加須センター,290,ネステナ,B,004,019,05,卸,指定した業態に優先して取り置く,,*29000401905*,B-004-019-05,3,ケース
2,アンカー・ジャパン㈱,1,加須センター,290,ネステナ,B,004,019,06,卸,指定した業態に優先して取り置く,,*29000401906*,B-004-019-06,3,ケース
2,アンカー・ジャパン㈱,1,加須センター,290,ネステナ,B,001,019,07,卸,指定した業態に優先して取り置く,,*29000101907*,B-001-019-07,3,ケース
2,アンカー・ジャパン㈱,1,加須センター,290,ネステナ,B,002,019,07,卸,指定した業態に優先して取り置く,,*29000201907*,B-002-019-07,3,ケース
2,アンカー・ジャパン㈱,1,加須センター,290,ネステナ,B,003,019,07,卸,指定した業態に優先して取り置く,,*29000301907*,B-003-019-07,3,ケース
2,アンカー・ジャパン㈱,1,加須センター,290,ネステナ,B,004,019,07,卸,指定した業態に優先して取り置く,,*29000401907*,B-004-019-07,3,ケース
2,アンカー・ジャパン㈱,1,加須センター,290,ネステナ,B,001,019,08,卸,指定した業態に優先して取り置く,,*29000101908*,B-001-019-08,3,ケース
2,アンカー・ジャパン㈱,1,加須センター,290,ネステナ,B,002,019,08,卸,指定した業態に優先して取り置く,,*29000201908*,B-002-019-08,3,ケース
2,アンカー・ジャパン㈱,1,加須センター,290,ネステナ,B,003,019,08,卸,指定した業態に優先して取り置く,,*29000301908*,B-003-019-08,3,ケース
2,アンカー・ジャパン㈱,1,加須センター,290,ネステナ,B,004,019,08,卸,指定した業態に優先して取り置く,,*29000401908*,B-004-019-08,3,ケース
2,アンカー・ジャパン㈱,1,加須センター,290,ネステナ,B,004,019,09,卸,指定した業態に優先して取り置く,,*29000401909*,B-004-019-09,3,ケース
2,アンカー・ジャパン㈱,1,加須センター,290,ネステナ,B,004,019,10,卸,指定した業態に優先して取り置く,,*29000401910*,B-004-019-10,3,ケース
2,アンカー・ジャパン㈱,1,加須センター,290,ネステナ,B,004,019,11,卸,指定した業態に優先して取り置く,,*29000401911*,B-004-019-11,3,ケース
2,アンカー・ジャパン㈱,1,加須センター,290,ネステナ,B,004,019,12,卸,指定した業態に優先して取り置く,,*29000401912*,B-004-019-12,3,ケース
2,アンカー・ジャパン㈱,1,加須センター,290,ネステナ,B,001,019,13,卸,指定した業態に優先して取り置く,,*29000101913*,B-001-019-13,3,ケース
2,アンカー・ジャパン㈱,1,加須センター,290,ネステナ,B,002,019,13,卸,指定した業態に優先して取り置く,,*29000201913*,B-002-019-13,3,ケース
2,アンカー・ジャパン㈱,1,加須センター,290,ネステナ,B,003,019,13,卸,指定した業態に優先して取り置く,,*29000301913*,B-003-019-13,3,ケース
2,アンカー・ジャパン㈱,1,加須センター,290,ネステナ,B,004,019,13,卸,指定した業態に優先して取り置く,,*29000401913*,B-004-019-13,3,ケース
2,アンカー・ジャパン㈱,1,加須センター,290,ネステナ,B,004,019,14,卸,指定した業態に優先して取り置く,,*29000401914*,B-004-019-14,3,ケース
2,アンカー・ジャパン㈱,1,加須センター,290,ネステナ,B,004,019,15,卸,指定した業態に優先して取り置く,,*29000401915*,B-004-019-15,3,ケース
2,アンカー・ジャパン㈱,1,加須センター,290,ネステナ,B,004,019,16,卸,指定した業態に優先して取り置く,,*29000401916*,B-004-019-16,3,ケース
2,アンカー・ジャパン㈱,1,加須センター,290,ネステナ,B,004,019,17,卸,指定した業態に優先して取り置く,,*29000401917*,B-004-019-17,3,ケース
2,アンカー・ジャパン㈱,1,加須センター,290,ネステナ,B,004,019,18,卸,指定した業態に優先して取り置く,,*29000401918*,B-004-019-18,3,ケース
2,アンカー・ジャパン㈱,1,加須センター,290,ネステナ,B,004,019,19,卸,指定した業態に優先して取り置く,,*29000401919*,B-004-019-19,3,ケース
2,アンカー・ジャパン㈱,1,加須センター,290,ネステナ,B,001,019,20,卸,指定した業態に優先して取り置く,,*29000101920*,B-001-019-20,3,ケース
2,アンカー・ジャパン㈱,1,加須センター,290,ネステナ,B,002,019,20,卸,指定した業態に優先して取り置く,,*29000201920*,B-002-019-20,3,ケース
2,アンカー・ジャパン㈱,1,加須センター,290,ネステナ,B,003,019,20,卸,指定した業態に優先して取り置く,,*29000301920*,B-003-019-20,3,ケース
2,アンカー・ジャパン㈱,1,加須センター,290,ネステナ,B,004,019,20,卸,指定した業態に優先して取り置く,,*29000401920*,B-004-019-20,3,ケース
2,アンカー・ジャパン㈱,1,加須センター,290,ネステナ,B,001,020,07,卸,指定した業態に優先して取り置く,,*29000102007*,B-001-020-07,3,ケース
2,アンカー・ジャパン㈱,1,加須センター,290,ネステナ,B,002,020,07,卸,指定した業態に優先して取り置く,,*29000202007*,B-002-020-07,3,ケース
2,アンカー・ジャパン㈱,1,加須センター,290,ネステナ,B,003,020,07,卸,指定した業態に優先して取り置く,,*29000302007*,B-003-020-07,3,ケース
2,アンカー・ジャパン㈱,1,加須センター,290,ネステナ,B,004,020,07,卸,指定した業態に優先して取り置く,,*29000402007*,B-004-020-07,3,ケース
2,アンカー・ジャパン㈱,1,加須センター,290,ネステナ,B,001,020,08,卸,指定した業態に優先して取り置く,,*29000102008*,B-001-020-08,3,ケース
2,アンカー・ジャパン㈱,1,加須センター,290,ネステナ,B,002,020,08,卸,指定した業態に優先して取り置く,,*29000202008*,B-002-020-08,3,ケース
2,アンカー・ジャパン㈱,1,加須センター,290,ネステナ,B,003,020,08,卸,指定した業態に優先して取り置く,,*29000302008*,B-003-020-08,3,ケース
2,アンカー・ジャパン㈱,1,加須センター,290,ネステナ,B,004,020,08,卸,指定した業態に優先して取り置く,,*29000402008*,B-004-020-08,3,ケース
2,アンカー・ジャパン㈱,1,加須センター,290,ネステナ,B,001,020,13,卸,指定した業態に優先して取り置く,,*29000102013*,B-001-020-13,3,ケース
2,アンカー・ジャパン㈱,1,加須センター,290,ネステナ,B,002,020,13,卸,指定した業態に優先して取り置く,,*29000202013*,B-002-020-13,3,ケース
2,アンカー・ジャパン㈱,1,加須センター,290,ネステナ,B,003,020,13,卸,指定した業態に優先して取り置く,,*29000302013*,B-003-020-13,3,ケース
2,アンカー・ジャパン㈱,1,加須センター,290,ネステナ,B,004,020,13,卸,指定した業態に優先して取り置く,,*29000402013*,B-004-020-13,3,ケース
2,アンカー・ジャパン㈱,1,加須センター,290,ネステナ,B,001,020,20,卸,指定した業態に優先して取り置く,,*29000102020*,B-001-020-20,3,ケース
2,アンカー・ジャパン㈱,1,加須センター,290,ネステナ,B,002,020,20,卸,指定した業態に優先して取り置く,,*29000202020*,B-002-020-20,3,ケース
2,アンカー・ジャパン㈱,1,加須センター,290,ネステナ,B,003,020,20,卸,指定した業態に優先して取り置く,,*29000302020*,B-003-020-20,3,ケース
2,アンカー・ジャパン㈱,1,加須センター,290,ネステナ,B,004,020,20,卸,指定した業態に優先して取り置く,,*29000402020*,B-004-020-20,3,ケース
2,アンカー・ジャパン㈱,1,加須センター,290,ネステナ,B,001,021,20,卸,指定した業態に優先して取り置く,,*29000102120*,B-001-021-20,3,ケース
2,アンカー・ジャパン㈱,1,加須センター,290,ネステナ,B,002,021,20,卸,指定した業態に優先して取り置く,,*29000202120*,B-002-021-20,3,ケース
2,アンカー・ジャパン㈱,1,加須センター,290,ネステナ,B,003,021,20,卸,指定した業態に優先して取り置く,,*29000302120*,B-003-021-20,3,ケース
2,アンカー・ジャパン㈱,1,加須センター,290,ネステナ,B,004,021,20,卸,指定した業態に優先して取り置く,,*29000402120*,B-004-021-20,3,ケース
2,アンカー・ジャパン㈱,1,加須センター,290,ネステナ,B,003,023,11,卸,指定した業態に優先して取り置く,,*29000302311*,B-003-023-11,3,ケース
2,アンカー・ジャパン㈱,1,加須センター,290,ネステナ,B,004,023,11,卸,指定した業態に優先して取り置く,,*29000402311*,B-004-023-11,3,ケース
2,アンカー・ジャパン㈱,1,加須センター,290,ネステナ,B,001,023,12,卸,指定した業態に優先して取り置く,,*29000102312*,B-001-023-12,3,ケース
2,アンカー・ジャパン㈱,1,加須センター,290,ネステナ,B,002,023,12,卸,指定した業態に優先して取り置く,,*29000202312*,B-002-023-12,3,ケース
2,アンカー・ジャパン㈱,1,加須センター,290,ネステナ,B,003,023,12,卸,指定した業態に優先して取り置く,,*29000302312*,B-003-023-12,3,ケース
2,アンカー・ジャパン㈱,1,加須センター,290,ネステナ,B,004,023,12,卸,指定した業態に優先して取り置く,,*29000402312*,B-004-023-12,3,ケース
2,アンカー・ジャパン㈱,1,加須センター,290,ネステナ,B,003,023,13,卸,指定した業態に優先して取り置く,,*29000302313*,B-003-023-13,3,ケース
2,アンカー・ジャパン㈱,1,加須センター,290,ネステナ,B,004,023,13,卸,指定した業態に優先して取り置く,,*29000402313*,B-004-023-13,3,ケース
2,アンカー・ジャパン㈱,1,加須センター,290,ネステナ,B,003,023,14,卸,指定した業態に優先して取り置く,,*29000302314*,B-003-023-14,3,ケース
2,アンカー・ジャパン㈱,1,加須センター,290,ネステナ,B,004,023,14,卸,指定した業態に優先して取り置く,,*29000402314*,B-004-023-14,3,ケース
2,アンカー・ジャパン㈱,1,加須センター,290,ネステナ,B,004,023,20,卸,指定した業態に優先して取り置く,,*29000402320*,B-004-023-20,3,ケース
2,アンカー・ジャパン㈱,1,加須センター,290,ネステナ,B,001,024,01,卸,指定した業態に優先して取り置く,,*29000102401*,B-001-024-01,3,ケース
2,アンカー・ジャパン㈱,1,加須センター,290,ネステナ,B,002,024,01,卸,指定した業態に優先して取り置く,,*29000202401*,B-002-024-01,3,ケース
2,アンカー・ジャパン㈱,1,加須センター,290,ネステナ,B,003,024,01,卸,指定した業態に優先して取り置く,,*29000302401*,B-003-024-01,3,ケース
2,アンカー・ジャパン㈱,1,加須センター,290,ネステナ,B,004,024,01,卸,指定した業態に優先して取り置く,,*29000402401*,B-004-024-01,3,ケース
2,アンカー・ジャパン㈱,1,加須センター,290,ネステナ,B,001,024,02,卸,指定した業態に優先して取り置く,,*29000102402*,B-001-024-02,3,ケース
2,アンカー・ジャパン㈱,1,加須センター,290,ネステナ,B,002,024,02,卸,指定した業態に優先して取り置く,,*29000202402*,B-002-024-02,3,ケース
2,アンカー・ジャパン㈱,1,加須センター,290,ネステナ,B,003,024,02,卸,指定した業態に優先して取り置く,,*29000302402*,B-003-024-02,3,ケース
2,アンカー・ジャパン㈱,1,加須センター,290,ネステナ,B,004,024,02,卸,指定した業態に優先して取り置く,,*29000402402*,B-004-024-02,3,ケース
2,アンカー・ジャパン㈱,1,加須センター,290,ネステナ,B,001,024,12,卸,指定した業態に優先して取り置く,,*29000102412*,B-001-024-12,3,ケース
2,アンカー・ジャパン㈱,1,加須センター,290,ネステナ,B,002,024,12,卸,指定した業態に優先して取り置く,,*29000202412*,B-002-024-12,3,ケース
2,アンカー・ジャパン㈱,1,加須センター,290,ネステナ,B,003,024,12,卸,指定した業態に優先して取り置く,,*29000302412*,B-003-024-12,3,ケース
2,アンカー・ジャパン㈱,1,加須センター,290,ネステナ,B,004,024,12,卸,指定した業態に優先して取り置く,,*29000402412*,B-004-024-12,3,ケース
2,アンカー・ジャパン㈱,1,加須センター,290,ネステナ,B,001,024,13,卸,指定した業態に優先して取り置く,,*29000102413*,B-001-024-13,3,ケース
2,アンカー・ジャパン㈱,1,加須センター,290,ネステナ,B,002,024,13,卸,指定した業態に優先して取り置く,,*29000202413*,B-002-024-13,3,ケース
2,アンカー・ジャパン㈱,1,加須センター,290,ネステナ,B,003,024,13,卸,指定した業態に優先して取り置く,,*29000302413*,B-003-024-13,3,ケース
2,アンカー・ジャパン㈱,1,加須センター,290,ネステナ,B,004,024,13,卸,指定した業態に優先して取り置く,,*29000402413*,B-004-024-13,3,ケース
2,アンカー・ジャパン㈱,1,加須センター,290,ネステナ,B,001,024,22,卸,指定した業態に優先して取り置く,,*29000102422*,B-001-024-22,3,ケース
2,アンカー・ジャパン㈱,1,加須センター,290,ネステナ,B,002,024,22,卸,指定した業態に優先して取り置く,,*29000202422*,B-002-024-22,3,ケース
2,アンカー・ジャパン㈱,1,加須センター,290,ネステナ,B,003,024,22,卸,指定した業態に優先して取り置く,,*29000302422*,B-003-024-22,3,ケース
2,アンカー・ジャパン㈱,1,加須センター,290,ネステナ,B,004,024,22,卸,指定した業態に優先して取り置く,,*29000402422*,B-004-024-22,3,ケース
2,アンカー・ジャパン㈱,1,加須センター,290,ネステナ,B,004,025,21,卸,指定した業態に優先して取り置く,,*29000402521*,B-004-025-21,3,ケース
2,アンカー・ジャパン㈱,1,加須センター,290,ネステナ,B,004,026,21,卸,指定した業態に優先して取り置く,,*29000402621*,B-004-026-21,3,ケース
2,アンカー・ジャパン㈱,1,加須センター,290,ネステナ,B,004,027,01,卸,指定した業態に優先して取り置く,,*29000402701*,B-004-027-01,3,ケース
2,アンカー・ジャパン㈱,1,加須センター,290,ネステナ,B,004,027,02,卸,指定した業態に優先して取り置く,,*29000402702*,B-004-027-02,3,ケース
2,アンカー・ジャパン㈱,1,加須センター,290,ネステナ,B,004,027,03,卸,指定した業態に優先して取り置く,,*29000402703*,B-004-027-03,3,ケース
2,アンカー・ジャパン㈱,1,加須センター,290,ネステナ,B,004,027,04,卸,指定した業態に優先して取り置く,,*29000402704*,B-004-027-04,3,ケース
2,アンカー・ジャパン㈱,1,加須センター,290,ネステナ,B,004,027,05,卸,指定した業態に優先して取り置く,,*29000402705*,B-004-027-05,3,ケース
2,アンカー・ジャパン㈱,1,加須センター,290,ネステナ,B,004,027,06,卸,指定した業態に優先して取り置く,,*29000402706*,B-004-027-06,3,ケース
2,アンカー・ジャパン㈱,1,加須センター,290,ネステナ,B,001,027,07,卸,指定した業態に優先して取り置く,,*29000102707*,B-001-027-07,3,ケース
2,アンカー・ジャパン㈱,1,加須センター,290,ネステナ,B,002,027,07,卸,指定した業態に優先して取り置く,,*29000202707*,B-002-027-07,3,ケース
2,アンカー・ジャパン㈱,1,加須センター,290,ネステナ,B,003,027,07,卸,指定した業態に優先して取り置く,,*29000302707*,B-003-027-07,3,ケース
2,アンカー・ジャパン㈱,1,加須センター,290,ネステナ,B,004,027,07,卸,指定した業態に優先して取り置く,,*29000402707*,B-004-027-07,3,ケース
2,アンカー・ジャパン㈱,1,加須センター,290,ネステナ,B,001,027,08,卸,指定した業態に優先して取り置く,,*29000102708*,B-001-027-08,3,ケース
2,アンカー・ジャパン㈱,1,加須センター,290,ネステナ,B,002,027,08,卸,指定した業態に優先して取り置く,,*29000202708*,B-002-027-08,3,ケース
2,アンカー・ジャパン㈱,1,加須センター,290,ネステナ,B,003,027,08,卸,指定した業態に優先して取り置く,,*29000302708*,B-003-027-08,3,ケース
2,アンカー・ジャパン㈱,1,加須センター,290,ネステナ,B,004,027,08,卸,指定した業態に優先して取り置く,,*29000402708*,B-004-027-08,3,ケース
2,アンカー・ジャパン㈱,1,加須センター,290,ネステナ,B,004,027,09,卸,指定した業態に優先して取り置く,,*29000402709*,B-004-027-09,3,ケース
2,アンカー・ジャパン㈱,1,加須センター,290,ネステナ,B,004,027,10,卸,指定した業態に優先して取り置く,,*29000402710*,B-004-027-10,3,ケース
2,アンカー・ジャパン㈱,1,加須センター,290,ネステナ,B,004,027,11,卸,指定した業態に優先して取り置く,,*29000402711*,B-004-027-11,3,ケース
2,アンカー・ジャパン㈱,1,加須センター,290,ネステナ,B,004,027,12,卸,指定した業態に優先して取り置く,,*29000402712*,B-004-027-12,3,ケース
2,アンカー・ジャパン㈱,1,加須センター,290,ネステナ,B,001,027,13,卸,指定した業態に優先して取り置く,,*29000102713*,B-001-027-13,3,ケース
2,アンカー・ジャパン㈱,1,加須センター,290,ネステナ,B,002,027,13,卸,指定した業態に優先して取り置く,,*29000202713*,B-002-027-13,3,ケース
2,アンカー・ジャパン㈱,1,加須センター,290,ネステナ,B,003,027,13,卸,指定した業態に優先して取り置く,,*29000302713*,B-003-027-13,3,ケース
2,アンカー・ジャパン㈱,1,加須センター,290,ネステナ,B,004,027,13,卸,指定した業態に優先して取り置く,,*29000402713*,B-004-027-13,3,ケース
2,アンカー・ジャパン㈱,1,加須センター,290,ネステナ,B,001,027,14,卸,指定した業態に優先して取り置く,,*29000102714*,B-001-027-14,3,ケース
2,アンカー・ジャパン㈱,1,加須センター,290,ネステナ,B,002,027,14,卸,指定した業態に優先して取り置く,,*29000202714*,B-002-027-14,3,ケース
2,アンカー・ジャパン㈱,1,加須センター,290,ネステナ,B,003,027,14,卸,指定した業態に優先して取り置く,,*29000302714*,B-003-027-14,3,ケース
2,アンカー・ジャパン㈱,1,加須センター,290,ネステナ,B,004,027,14,卸,指定した業態に優先して取り置く,,*29000402714*,B-004-027-14,3,ケース
2,アンカー・ジャパン㈱,1,加須センター,290,ネステナ,B,004,027,15,卸,指定した業態に優先して取り置く,,*29000402715*,B-004-027-15,3,ケース
2,アンカー・ジャパン㈱,1,加須センター,290,ネステナ,B,004,027,16,卸,指定した業態に優先して取り置く,,*29000402716*,B-004-027-16,3,ケース
2,アンカー・ジャパン㈱,1,加須センター,290,ネステナ,B,004,027,17,卸,指定した業態に優先して取り置く,,*29000402717*,B-004-027-17,3,ケース
2,アンカー・ジャパン㈱,1,加須センター,290,ネステナ,B,004,027,18,卸,指定した業態に優先して取り置く,,*29000402718*,B-004-027-18,3,ケース
2,アンカー・ジャパン㈱,1,加須センター,290,ネステナ,B,004,027,19,卸,指定した業態に優先して取り置く,,*29000402719*,B-004-027-19,3,ケース
2,アンカー・ジャパン㈱,1,加須センター,290,ネステナ,B,004,027,20,卸,指定した業態に優先して取り置く,,*29000402720*,B-004-027-20,3,ケース
2,アンカー・ジャパン㈱,1,加須センター,290,ネステナ,B,001,027,21,卸,指定した業態に優先して取り置く,,*29000102721*,B-001-027-21,3,ケース
2,アンカー・ジャパン㈱,1,加須センター,290,ネステナ,B,002,027,21,卸,指定した業態に優先して取り置く,,*29000202721*,B-002-027-21,3,ケース
2,アンカー・ジャパン㈱,1,加須センター,290,ネステナ,B,003,027,21,卸,指定した業態に優先して取り置く,,*29000302721*,B-003-027-21,3,ケース
2,アンカー・ジャパン㈱,1,加須センター,290,ネステナ,B,004,027,21,卸,指定した業態に優先して取り置く,,*29000402721*,B-004-027-21,3,ケース
2,アンカー・ジャパン㈱,1,加須センター,290,ネステナ,B,004,027,22,卸,指定した業態に優先して取り置く,,*29000402722*,B-004-027-22,3,ケース
2,アンカー・ジャパン㈱,1,加須センター,290,ネステナ,B,004,027,23,卸,指定した業態に優先して取り置く,,*29000402723*,B-004-027-23,3,ケース
2,アンカー・ジャパン㈱,1,加須センター,290,ネステナ,B,004,027,24,卸,指定した業態に優先して取り置く,,*29000402724*,B-004-027-24,3,ケース
2,アンカー・ジャパン㈱,1,加須センター,290,ネステナ,B,004,027,25,卸,指定した業態に優先して取り置く,,*29000402725*,B-004-027-25,3,ケース
2,アンカー・ジャパン㈱,1,加須センター,290,ネステナ,B,004,027,26,卸,指定した業態に優先して取り置く,,*29000402726*,B-004-027-26,3,ケース
2,アンカー・ジャパン㈱,1,加須センター,290,ネステナ,B,004,027,27,卸,指定した業態に優先して取り置く,,*29000402727*,B-004-027-27,3,ケース
2,アンカー・ジャパン㈱,1,加須センター,290,ネステナ,B,004,029,11,卸,指定した業態に優先して取り置く,,*29000402911*,B-004-029-11,3,ケース
2,アンカー・ジャパン㈱,1,加須センター,290,ネステナ,B,004,029,12,卸,指定した業態に優先して取り置く,,*29000402912*,B-004-029-12,3,ケース
2,アンカー・ジャパン㈱,1,加須センター,290,ネステナ,B,004,029,13,卸,指定した業態に優先して取り置く,,*29000402913*,B-004-029-13,3,ケース
2,アンカー・ジャパン㈱,1,加須センター,290,ネステナ,B,004,029,14,卸,指定した業態に優先して取り置く,,*29000402914*,B-004-029-14,3,ケース
2,アンカー・ジャパン㈱,1,加須センター,290,ネステナ,B,004,029,15,卸,指定した業態に優先して取り置く,,*29000402915*,B-004-029-15,3,ケース
2,アンカー・ジャパン㈱,1,加須センター,290,ネステナ,B,004,029,16,卸,指定した業態に優先して取り置く,,*29000402916*,B-004-029-16,3,ケース
2,アンカー・ジャパン㈱,1,加須センター,290,ネステナ,B,004,029,17,卸,指定した業態に優先して取り置く,,*29000402917*,B-004-029-17,3,ケース
2,アンカー・ジャパン㈱,1,加須センター,290,ネステナ,B,004,029,18,卸,指定した業態に優先して取り置く,,*29000402918*,B-004-029-18,3,ケース
2,アンカー・ジャパン㈱,1,加須センター,290,ネステナ,B,004,029,19,卸,指定した業態に優先して取り置く,,*29000402919*,B-004-029-19,3,ケース
2,アンカー・ジャパン㈱,1,加須センター,290,ネステナ,B,004,029,20,卸,指定した業態に優先して取り置く,,*29000402920*,B-004-029-20,3,ケース
2,アンカー・ジャパン㈱,1,加須センター,290,ネステナ,B,004,029,21,卸,指定した業態に優先して取り置く,,*29000402921*,B-004-029-21,3,ケース
2,アンカー・ジャパン㈱,1,加須センター,290,ネステナ,B,004,029,22,卸,指定した業態に優先して取り置く,,*29000402922*,B-004-029-22,3,ケース
2,アンカー・ジャパン㈱,1,加須センター,290,ネステナ,B,004,029,23,卸,指定した業態に優先して取り置く,,*29000402923*,B-004-029-23,3,ケース
2,アンカー・ジャパン㈱,1,加須センター,290,ネステナ,B,004,029,24,卸,指定した業態に優先して取り置く,,*29000402924*,B-004-029-24,3,ケース
2,アンカー・ジャパン㈱,1,加須センター,290,ネステナ,B,004,029,25,卸,指定した業態に優先して取り置く,,*29000402925*,B-004-029-25,3,ケース
2,アンカー・ジャパン㈱,1,加須センター,290,ネステナ,B,004,029,26,卸,指定した業態に優先して取り置く,,*29000402926*,B-004-029-26,3,ケース
2,アンカー・ジャパン㈱,1,加須センター,290,ネステナ,B,004,029,27,卸,指定した業態に優先して取り置く,,*29000402927*,B-004-029-27,3,ケース
2,アンカー・ジャパン㈱,1,加須センター,290,ネステナ,B,004,030,01,卸,指定した業態に優先して取り置く,,*29000403001*,B-004-030-01,3,ケース
2,アンカー・ジャパン㈱,1,加須センター,290,ネステナ,B,004,030,02,卸,指定した業態に優先して取り置く,,*29000403002*,B-004-030-02,3,ケース
2,アンカー・ジャパン㈱,1,加須センター,290,ネステナ,B,004,030,03,卸,指定した業態に優先して取り置く,,*29000403003*,B-004-030-03,3,ケース
2,アンカー・ジャパン㈱,1,加須センター,290,ネステナ,B,004,030,04,卸,指定した業態に優先して取り置く,,*29000403004*,B-004-030-04,3,ケース
2,アンカー・ジャパン㈱,1,加須センター,290,ネステナ,B,004,030,05,卸,指定した業態に優先して取り置く,,*29000403005*,B-004-030-05,3,ケース
2,アンカー・ジャパン㈱,1,加須センター,290,ネステナ,B,004,030,06,卸,指定した業態に優先して取り置く,,*29000403006*,B-004-030-06,3,ケース
2,アンカー・ジャパン㈱,1,加須センター,290,ネステナ,B,004,030,07,卸,指定した業態に優先して取り置く,,*29000403007*,B-004-030-07,3,ケース
2,アンカー・ジャパン㈱,1,加須センター,290,ネステナ,B,004,030,08,卸,指定した業態に優先して取り置く,,*29000403008*,B-004-030-08,3,ケース
2,アンカー・ジャパン㈱,1,加須センター,290,ネステナ,B,004,030,09,卸,指定した業態に優先して取り置く,,*29000403009*,B-004-030-09,3,ケース
2,アンカー・ジャパン㈱,1,加須センター,290,ネステナ,B,004,030,10,卸,指定した業態に優先して取り置く,,*29000403010*,B-004-030-10,3,ケース
2,アンカー・ジャパン㈱,1,加須センター,290,ネステナ,B,004,030,11,卸,指定した業態に優先して取り置く,,*29000403011*,B-004-030-11,3,ケース
2,アンカー・ジャパン㈱,1,加須センター,290,ネステナ,B,004,030,12,卸,指定した業態に優先して取り置く,,*29000403012*,B-004-030-12,3,ケース
2,アンカー・ジャパン㈱,1,加須センター,290,ネステナ,B,004,030,13,卸,指定した業態に優先して取り置く,,*29000403013*,B-004-030-13,3,ケース
2,アンカー・ジャパン㈱,1,加須センター,290,ネステナ,B,004,030,14,卸,指定した業態に優先して取り置く,,*29000403014*,B-004-030-14,3,ケース
2,アンカー・ジャパン㈱,1,加須センター,290,ネステナ,B,004,030,15,卸,指定した業態に優先して取り置く,,*29000403015*,B-004-030-15,3,ケース
2,アンカー・ジャパン㈱,1,加須センター,290,ネステナ,B,004,030,16,卸,指定した業態に優先して取り置く,,*29000403016*,B-004-030-16,3,ケース
2,アンカー・ジャパン㈱,1,加須センター,290,ネステナ,B,004,030,17,卸,指定した業態に優先して取り置く,,*29000403017*,B-004-030-17,3,ケース
2,アンカー・ジャパン㈱,1,加須センター,290,ネステナ,B,004,030,18,卸,指定した業態に優先して取り置く,,*29000403018*,B-004-030-18,3,ケース
2,アンカー・ジャパン㈱,1,加須センター,290,ネステナ,B,004,030,19,卸,指定した業態に優先して取り置く,,*29000403019*,B-004-030-19,3,ケース
2,アンカー・ジャパン㈱,1,加須センター,290,ネステナ,B,004,030,20,卸,指定した業態に優先して取り置く,,*29000403020*,B-004-030-20,3,ケース
2,アンカー・ジャパン㈱,1,加須センター,290,ネステナ,B,004,030,21,卸,指定した業態に優先して取り置く,,*29000403021*,B-004-030-21,3,ケース
2,アンカー・ジャパン㈱,1,加須センター,290,ネステナ,B,004,030,22,卸,指定した業態に優先して取り置く,,*29000403022*,B-004-030-22,3,ケース
2,アンカー・ジャパン㈱,1,加須センター,290,ネステナ,B,004,030,23,卸,指定した業態に優先して取り置く,,*29000403023*,B-004-030-23,3,ケース
2,アンカー・ジャパン㈱,1,加須センター,290,ネステナ,B,004,030,24,卸,指定した業態に優先して取り置く,,*29000403024*,B-004-030-24,3,ケース
2,アンカー・ジャパン㈱,1,加須センター,290,ネステナ,B,004,030,25,卸,指定した業態に優先して取り置く,,*29000403025*,B-004-030-25,3,ケース
2,アンカー・ジャパン㈱,1,加須センター,290,ネステナ,B,004,030,26,卸,指定した業態に優先して取り置く,,*29000403026*,B-004-030-26,3,ケース
2,アンカー・ジャパン㈱,1,加須センター,290,ネステナ,B,004,030,27,卸,指定した業態に優先して取り置く,,*29000403027*,B-004-030-27,3,ケース
2,アンカー・ジャパン㈱,1,加須センター,290,ネステナ,B,004,031,01,卸,指定した業態に優先して取り置く,,*29000403101*,B-004-031-01,3,ケース
2,アンカー・ジャパン㈱,1,加須センター,290,ネステナ,B,004,031,02,卸,指定した業態に優先して取り置く,,*29000403102*,B-004-031-02,3,ケース
2,アンカー・ジャパン㈱,1,加須センター,290,ネステナ,B,004,031,03,卸,指定した業態に優先して取り置く,,*29000403103*,B-004-031-03,3,ケース
2,アンカー・ジャパン㈱,1,加須センター,290,ネステナ,B,004,031,04,卸,指定した業態に優先して取り置く,,*29000403104*,B-004-031-04,3,ケース
2,アンカー・ジャパン㈱,1,加須センター,290,ネステナ,B,004,031,05,卸,指定した業態に優先して取り置く,,*29000403105*,B-004-031-05,3,ケース
2,アンカー・ジャパン㈱,1,加須センター,290,ネステナ,B,004,031,06,卸,指定した業態に優先して取り置く,,*29000403106*,B-004-031-06,3,ケース
2,アンカー・ジャパン㈱,1,加須センター,290,ネステナ,B,001,031,07,卸,指定した業態に優先して取り置く,,*29000103107*,B-001-031-07,3,ケース
2,アンカー・ジャパン㈱,1,加須センター,290,ネステナ,B,002,031,07,卸,指定した業態に優先して取り置く,,*29000203107*,B-002-031-07,3,ケース
2,アンカー・ジャパン㈱,1,加須センター,290,ネステナ,B,003,031,07,卸,指定した業態に優先して取り置く,,*29000303107*,B-003-031-07,3,ケース
2,アンカー・ジャパン㈱,1,加須センター,290,ネステナ,B,004,031,07,卸,指定した業態に優先して取り置く,,*29000403107*,B-004-031-07,3,ケース
2,アンカー・ジャパン㈱,1,加須センター,290,ネステナ,B,001,031,08,卸,指定した業態に優先して取り置く,,*29000103108*,B-001-031-08,3,ケース
2,アンカー・ジャパン㈱,1,加須センター,290,ネステナ,B,002,031,08,卸,指定した業態に優先して取り置く,,*29000203108*,B-002-031-08,3,ケース
2,アンカー・ジャパン㈱,1,加須センター,290,ネステナ,B,003,031,08,卸,指定した業態に優先して取り置く,,*29000303108*,B-003-031-08,3,ケース
2,アンカー・ジャパン㈱,1,加須センター,290,ネステナ,B,004,031,08,卸,指定した業態に優先して取り置く,,*29000403108*,B-004-031-08,3,ケース
2,アンカー・ジャパン㈱,1,加須センター,290,ネステナ,B,004,031,09,卸,指定した業態に優先して取り置く,,*29000403109*,B-004-031-09,3,ケース
2,アンカー・ジャパン㈱,1,加須センター,290,ネステナ,B,004,031,10,卸,指定した業態に優先して取り置く,,*29000403110*,B-004-031-10,3,ケース
2,アンカー・ジャパン㈱,1,加須センター,290,ネステナ,B,004,031,11,卸,指定した業態に優先して取り置く,,*29000403111*,B-004-031-11,3,ケース
2,アンカー・ジャパン㈱,1,加須センター,290,ネステナ,B,004,031,12,卸,指定した業態に優先して取り置く,,*29000403112*,B-004-031-12,3,ケース
2,アンカー・ジャパン㈱,1,加須センター,290,ネステナ,B,001,031,13,卸,指定した業態に優先して取り置く,,*29000103113*,B-001-031-13,3,ケース
2,アンカー・ジャパン㈱,1,加須センター,290,ネステナ,B,002,031,13,卸,指定した業態に優先して取り置く,,*29000203113*,B-002-031-13,3,ケース
2,アンカー・ジャパン㈱,1,加須センター,290,ネステナ,B,003,031,13,卸,指定した業態に優先して取り置く,,*29000303113*,B-003-031-13,3,ケース
2,アンカー・ジャパン㈱,1,加須センター,290,ネステナ,B,004,031,13,卸,指定した業態に優先して取り置く,,*29000403113*,B-004-031-13,3,ケース
2,アンカー・ジャパン㈱,1,加須センター,290,ネステナ,B,004,031,14,卸,指定した業態に優先して取り置く,,*29000403114*,B-004-031-14,3,ケース
2,アンカー・ジャパン㈱,1,加須センター,290,ネステナ,B,004,031,15,卸,指定した業態に優先して取り置く,,*29000403115*,B-004-031-15,3,ケース
2,アンカー・ジャパン㈱,1,加須センター,290,ネステナ,B,004,031,16,卸,指定した業態に優先して取り置く,,*29000403116*,B-004-031-16,3,ケース
2,アンカー・ジャパン㈱,1,加須センター,290,ネステナ,B,004,031,17,卸,指定した業態に優先して取り置く,,*29000403117*,B-004-031-17,3,ケース
2,アンカー・ジャパン㈱,1,加須センター,290,ネステナ,B,004,031,18,卸,指定した業態に優先して取り置く,,*29000403118*,B-004-031-18,3,ケース
2,アンカー・ジャパン㈱,1,加須センター,290,ネステナ,B,004,031,19,卸,指定した業態に優先して取り置く,,*29000403119*,B-004-031-19,3,ケース
2,アンカー・ジャパン㈱,1,加須センター,290,ネステナ,B,001,031,20,卸,指定した業態に優先して取り置く,,*29000103120*,B-001-031-20,3,ケース
2,アンカー・ジャパン㈱,1,加須センター,290,ネステナ,B,002,031,20,卸,指定した業態に優先して取り置く,,*29000203120*,B-002-031-20,3,ケース
2,アンカー・ジャパン㈱,1,加須センター,290,ネステナ,B,003,031,20,卸,指定した業態に優先して取り置く,,*29000303120*,B-003-031-20,3,ケース
2,アンカー・ジャパン㈱,1,加須センター,290,ネステナ,B,004,031,20,卸,指定した業態に優先して取り置く,,*29000403120*,B-004-031-20,3,ケース
2,アンカー・ジャパン㈱,1,加須センター,290,ネステナ,B,001,031,21,卸,指定した業態に優先して取り置く,,*29000103121*,B-001-031-21,3,ケース
2,アンカー・ジャパン㈱,1,加須センター,290,ネステナ,B,002,031,21,卸,指定した業態に優先して取り置く,,*29000203121*,B-002-031-21,3,ケース
2,アンカー・ジャパン㈱,1,加須センター,290,ネステナ,B,003,031,21,卸,指定した業態に優先して取り置く,,*29000303121*,B-003-031-21,3,ケース
2,アンカー・ジャパン㈱,1,加須センター,290,ネステナ,B,004,031,21,卸,指定した業態に優先して取り置く,,*29000403121*,B-004-031-21,3,ケース
2,アンカー・ジャパン㈱,1,加須センター,290,ネステナ,B,004,031,22,卸,指定した業態に優先して取り置く,,*29000403122*,B-004-031-22,3,ケース
2,アンカー・ジャパン㈱,1,加須センター,290,ネステナ,B,004,031,23,卸,指定した業態に優先して取り置く,,*29000403123*,B-004-031-23,3,ケース
2,アンカー・ジャパン㈱,1,加須センター,290,ネステナ,B,004,031,24,卸,指定した業態に優先して取り置く,,*29000403124*,B-004-031-24,3,ケース
2,アンカー・ジャパン㈱,1,加須センター,290,ネステナ,B,004,031,25,卸,指定した業態に優先して取り置く,,*29000403125*,B-004-031-25,3,ケース
2,アンカー・ジャパン㈱,1,加須センター,290,ネステナ,B,004,031,26,卸,指定した業態に優先して取り置く,,*29000403126*,B-004-031-26,3,ケース
2,アンカー・ジャパン㈱,1,加須センター,290,ネステナ,B,004,031,27,卸,指定した業態に優先して取り置く,,*29000403127*,B-004-031-27,3,ケース
2,アンカー・ジャパン㈱,1,加須センター,290,ネステナ,B,001,035,01,卸,指定した業態に優先して取り置く,,*29000103501*,B-001-035-01,3,ケース
2,アンカー・ジャパン㈱,1,加須センター,290,ネステナ,B,002,035,01,卸,指定した業態に優先して取り置く,,*29000203501*,B-002-035-01,3,ケース
2,アンカー・ジャパン㈱,1,加須センター,290,ネステナ,B,003,035,01,卸,指定した業態に優先して取り置く,,*29000303501*,B-003-035-01,3,ケース
2,アンカー・ジャパン㈱,1,加須センター,290,ネステナ,B,004,035,01,卸,指定した業態に優先して取り置く,,*29000403501*,B-004-035-01,3,ケース
2,アンカー・ジャパン㈱,1,加須センター,290,ネステナ,B,001,035,02,卸,指定した業態に優先して取り置く,,*29000103502*,B-001-035-02,3,ケース
2,アンカー・ジャパン㈱,1,加須センター,290,ネステナ,B,002,035,02,卸,指定した業態に優先して取り置く,,*29000203502*,B-002-035-02,3,ケース
2,アンカー・ジャパン㈱,1,加須センター,290,ネステナ,B,003,035,02,卸,指定した業態に優先して取り置く,,*29000303502*,B-003-035-02,3,ケース
2,アンカー・ジャパン㈱,1,加須センター,290,ネステナ,B,004,035,02,卸,指定した業態に優先して取り置く,,*29000403502*,B-004-035-02,3,ケース
2,アンカー・ジャパン㈱,1,加須センター,290,ネステナ,B,001,035,03,卸,指定した業態に優先して取り置く,,*29000103503*,B-001-035-03,3,ケース
2,アンカー・ジャパン㈱,1,加須センター,290,ネステナ,B,002,035,03,卸,指定した業態に優先して取り置く,,*29000203503*,B-002-035-03,3,ケース
2,アンカー・ジャパン㈱,1,加須センター,290,ネステナ,B,003,035,03,卸,指定した業態に優先して取り置く,,*29000303503*,B-003-035-03,3,ケース
2,アンカー・ジャパン㈱,1,加須センター,290,ネステナ,B,004,035,03,卸,指定した業態に優先して取り置く,,*29000403503*,B-004-035-03,3,ケース
2,アンカー・ジャパン㈱,1,加須センター,290,ネステナ,B,001,035,04,卸,指定した業態に優先して取り置く,,*29000103504*,B-001-035-04,3,ケース
2,アンカー・ジャパン㈱,1,加須センター,290,ネステナ,B,002,035,04,卸,指定した業態に優先して取り置く,,*29000203504*,B-002-035-04,3,ケース
2,アンカー・ジャパン㈱,1,加須センター,290,ネステナ,B,003,035,04,卸,指定した業態に優先して取り置く,,*29000303504*,B-003-035-04,3,ケース
2,アンカー・ジャパン㈱,1,加須センター,290,ネステナ,B,004,035,04,卸,指定した業態に優先して取り置く,,*29000403504*,B-004-035-04,3,ケース
2,アンカー・ジャパン㈱,1,加須センター,290,ネステナ,B,001,035,05,卸,指定した業態に優先して取り置く,,*29000103505*,B-001-035-05,3,ケース
2,アンカー・ジャパン㈱,1,加須センター,290,ネステナ,B,002,035,05,卸,指定した業態に優先して取り置く,,*29000203505*,B-002-035-05,3,ケース
2,アンカー・ジャパン㈱,1,加須センター,290,ネステナ,B,003,035,05,卸,指定した業態に優先して取り置く,,*29000303505*,B-003-035-05,3,ケース
2,アンカー・ジャパン㈱,1,加須センター,290,ネステナ,B,004,035,05,卸,指定した業態に優先して取り置く,,*29000403505*,B-004-035-05,3,ケース
2,アンカー・ジャパン㈱,1,加須センター,290,ネステナ,B,001,035,06,卸,指定した業態に優先して取り置く,,*29000103506*,B-001-035-06,3,ケース
2,アンカー・ジャパン㈱,1,加須センター,290,ネステナ,B,002,035,06,卸,指定した業態に優先して取り置く,,*29000203506*,B-002-035-06,3,ケース
2,アンカー・ジャパン㈱,1,加須センター,290,ネステナ,B,003,035,06,卸,指定した業態に優先して取り置く,,*29000303506*,B-003-035-06,3,ケース
2,アンカー・ジャパン㈱,1,加須センター,290,ネステナ,B,004,035,06,卸,指定した業態に優先して取り置く,,*29000403506*,B-004-035-06,3,ケース
2,アンカー・ジャパン㈱,1,加須センター,290,ネステナ,B,001,035,07,卸,指定した業態に優先して取り置く,,*29000103507*,B-001-035-07,3,ケース
2,アンカー・ジャパン㈱,1,加須センター,290,ネステナ,B,002,035,07,卸,指定した業態に優先して取り置く,,*29000203507*,B-002-035-07,3,ケース
2,アンカー・ジャパン㈱,1,加須センター,290,ネステナ,B,003,035,07,卸,指定した業態に優先して取り置く,,*29000303507*,B-003-035-07,3,ケース
2,アンカー・ジャパン㈱,1,加須センター,290,ネステナ,B,004,035,07,卸,指定した業態に優先して取り置く,,*29000403507*,B-004-035-07,3,ケース
2,アンカー・ジャパン㈱,1,加須センター,290,ネステナ,B,001,035,08,卸,指定した業態に優先して取り置く,,*29000103508*,B-001-035-08,3,ケース
2,アンカー・ジャパン㈱,1,加須センター,290,ネステナ,B,002,035,08,卸,指定した業態に優先して取り置く,,*29000203508*,B-002-035-08,3,ケース
2,アンカー・ジャパン㈱,1,加須センター,290,ネステナ,B,003,035,08,卸,指定した業態に優先して取り置く,,*29000303508*,B-003-035-08,3,ケース
2,アンカー・ジャパン㈱,1,加須センター,290,ネステナ,B,004,035,08,卸,指定した業態に優先して取り置く,,*29000403508*,B-004-035-08,3,ケース
2,アンカー・ジャパン㈱,1,加須センター,290,ネステナ,B,001,035,09,卸,指定した業態に優先して取り置く,,*29000103509*,B-001-035-09,3,ケース
2,アンカー・ジャパン㈱,1,加須センター,290,ネステナ,B,002,035,09,卸,指定した業態に優先して取り置く,,*29000203509*,B-002-035-09,3,ケース
2,アンカー・ジャパン㈱,1,加須センター,290,ネステナ,B,003,035,09,卸,指定した業態に優先して取り置く,,*29000303509*,B-003-035-09,3,ケース
2,アンカー・ジャパン㈱,1,加須センター,290,ネステナ,B,004,035,09,卸,指定した業態に優先して取り置く,,*29000403509*,B-004-035-09,3,ケース
2,アンカー・ジャパン㈱,1,加須センター,290,ネステナ,B,001,035,10,卸,指定した業態に優先して取り置く,,*29000103510*,B-001-035-10,3,ケース
2,アンカー・ジャパン㈱,1,加須センター,290,ネステナ,B,002,035,10,卸,指定した業態に優先して取り置く,,*29000203510*,B-002-035-10,3,ケース
2,アンカー・ジャパン㈱,1,加須センター,290,ネステナ,B,003,035,10,卸,指定した業態に優先して取り置く,,*29000303510*,B-003-035-10,3,ケース
2,アンカー・ジャパン㈱,1,加須センター,290,ネステナ,B,004,035,10,卸,指定した業態に優先して取り置く,,*29000403510*,B-004-035-10,3,ケース
2,アンカー・ジャパン㈱,1,加須センター,290,ネステナ,B,001,035,12,卸,指定した業態に優先して取り置く,,*29000103512*,B-001-035-12,3,ケース
2,アンカー・ジャパン㈱,1,加須センター,290,ネステナ,B,002,035,12,卸,指定した業態に優先して取り置く,,*29000203512*,B-002-035-12,3,ケース
2,アンカー・ジャパン㈱,1,加須センター,290,ネステナ,B,003,035,12,卸,指定した業態に優先して取り置く,,*29000303512*,B-003-035-12,3,ケース
2,アンカー・ジャパン㈱,1,加須センター,290,ネステナ,B,004,035,12,卸,指定した業態に優先して取り置く,,*29000403512*,B-004-035-12,3,ケース
2,アンカー・ジャパン㈱,1,加須センター,290,ネステナ,B,001,035,13,卸,指定した業態に優先して取り置く,,*29000103513*,B-001-035-13,3,ケース
2,アンカー・ジャパン㈱,1,加須センター,290,ネステナ,B,002,035,13,卸,指定した業態に優先して取り置く,,*29000203513*,B-002-035-13,3,ケース
2,アンカー・ジャパン㈱,1,加須センター,290,ネステナ,B,003,035,13,卸,指定した業態に優先して取り置く,,*29000303513*,B-003-035-13,3,ケース
2,アンカー・ジャパン㈱,1,加須センター,290,ネステナ,B,004,035,13,卸,指定した業態に優先して取り置く,,*29000403513*,B-004-035-13,3,ケース
2,アンカー・ジャパン㈱,1,加須センター,290,ネステナ,B,001,035,14,卸,指定した業態に優先して取り置く,,*29000103514*,B-001-035-14,3,ケース
2,アンカー・ジャパン㈱,1,加須センター,290,ネステナ,B,002,035,14,卸,指定した業態に優先して取り置く,,*29000203514*,B-002-035-14,3,ケース
2,アンカー・ジャパン㈱,1,加須センター,290,ネステナ,B,003,035,14,卸,指定した業態に優先して取り置く,,*29000303514*,B-003-035-14,3,ケース
2,アンカー・ジャパン㈱,1,加須センター,290,ネステナ,B,004,035,14,卸,指定した業態に優先して取り置く,,*29000403514*,B-004-035-14,3,ケース
2,アンカー・ジャパン㈱,1,加須センター,290,ネステナ,B,001,035,19,卸,指定した業態に優先して取り置く,,*29000103519*,B-001-035-19,3,ケース
2,アンカー・ジャパン㈱,1,加須センター,290,ネステナ,B,002,035,19,卸,指定した業態に優先して取り置く,,*29000203519*,B-002-035-19,3,ケース
2,アンカー・ジャパン㈱,1,加須センター,290,ネステナ,B,003,035,19,卸,指定した業態に優先して取り置く,,*29000303519*,B-003-035-19,3,ケース
2,アンカー・ジャパン㈱,1,加須センター,290,ネステナ,B,004,035,19,卸,指定した業態に優先して取り置く,,*29000403519*,B-004-035-19,3,ケース
2,アンカー・ジャパン㈱,1,加須センター,290,ネステナ,B,001,035,20,卸,指定した業態に優先して取り置く,,*29000103520*,B-001-035-20,3,ケース
2,アンカー・ジャパン㈱,1,加須センター,290,ネステナ,B,002,035,20,卸,指定した業態に優先して取り置く,,*29000203520*,B-002-035-20,3,ケース
2,アンカー・ジャパン㈱,1,加須センター,290,ネステナ,B,003,035,20,卸,指定した業態に優先して取り置く,,*29000303520*,B-003-035-20,3,ケース
2,アンカー・ジャパン㈱,1,加須センター,290,ネステナ,B,004,035,20,卸,指定した業態に優先して取り置く,,*29000403520*,B-004-035-20,3,ケース
2,アンカー・ジャパン㈱,1,加須センター,290,ネステナ,B,001,035,21,卸,指定した業態に優先して取り置く,,*29000103521*,B-001-035-21,3,ケース
2,アンカー・ジャパン㈱,1,加須センター,290,ネステナ,B,002,035,21,卸,指定した業態に優先して取り置く,,*29000203521*,B-002-035-21,3,ケース
2,アンカー・ジャパン㈱,1,加須センター,290,ネステナ,B,003,035,21,卸,指定した業態に優先して取り置く,,*29000303521*,B-003-035-21,3,ケース
2,アンカー・ジャパン㈱,1,加須センター,290,ネステナ,B,004,035,21,卸,指定した業態に優先して取り置く,,*29000403521*,B-004-035-21,3,ケース
2,アンカー・ジャパン㈱,1,加須センター,290,ネステナ,B,001,036,01,卸,指定した業態に優先して取り置く,,*29000103601*,B-001-036-01,3,ケース
2,アンカー・ジャパン㈱,1,加須センター,290,ネステナ,B,002,036,01,卸,指定した業態に優先して取り置く,,*29000203601*,B-002-036-01,3,ケース
2,アンカー・ジャパン㈱,1,加須センター,290,ネステナ,B,003,036,01,卸,指定した業態に優先して取り置く,,*29000303601*,B-003-036-01,3,ケース
2,アンカー・ジャパン㈱,1,加須センター,290,ネステナ,B,004,036,01,卸,指定した業態に優先して取り置く,,*29000403601*,B-004-036-01,3,ケース
2,アンカー・ジャパン㈱,1,加須センター,290,ネステナ,B,001,036,02,卸,指定した業態に優先して取り置く,,*29000103602*,B-001-036-02,3,ケース
2,アンカー・ジャパン㈱,1,加須センター,290,ネステナ,B,002,036,02,卸,指定した業態に優先して取り置く,,*29000203602*,B-002-036-02,3,ケース
2,アンカー・ジャパン㈱,1,加須センター,290,ネステナ,B,003,036,02,卸,指定した業態に優先して取り置く,,*29000303602*,B-003-036-02,3,ケース
2,アンカー・ジャパン㈱,1,加須センター,290,ネステナ,B,004,036,02,卸,指定した業態に優先して取り置く,,*29000403602*,B-004-036-02,3,ケース
2,アンカー・ジャパン㈱,1,加須センター,290,ネステナ,B,001,036,03,卸,指定した業態に優先して取り置く,,*29000103603*,B-001-036-03,3,ケース
2,アンカー・ジャパン㈱,1,加須センター,290,ネステナ,B,002,036,03,卸,指定した業態に優先して取り置く,,*29000203603*,B-002-036-03,3,ケース
2,アンカー・ジャパン㈱,1,加須センター,290,ネステナ,B,003,036,03,卸,指定した業態に優先して取り置く,,*29000303603*,B-003-036-03,3,ケース
2,アンカー・ジャパン㈱,1,加須センター,290,ネステナ,B,004,036,03,卸,指定した業態に優先して取り置く,,*29000403603*,B-004-036-03,3,ケース
2,アンカー・ジャパン㈱,1,加須センター,290,ネステナ,B,001,036,04,卸,指定した業態に優先して取り置く,,*29000103604*,B-001-036-04,3,ケース
2,アンカー・ジャパン㈱,1,加須センター,290,ネステナ,B,002,036,04,卸,指定した業態に優先して取り置く,,*29000203604*,B-002-036-04,3,ケース
2,アンカー・ジャパン㈱,1,加須センター,290,ネステナ,B,003,036,04,卸,指定した業態に優先して取り置く,,*29000303604*,B-003-036-04,3,ケース
2,アンカー・ジャパン㈱,1,加須センター,290,ネステナ,B,004,036,04,卸,指定した業態に優先して取り置く,,*29000403604*,B-004-036-04,3,ケース
2,アンカー・ジャパン㈱,1,加須センター,290,ネステナ,B,001,036,05,卸,指定した業態に優先して取り置く,,*29000103605*,B-001-036-05,3,ケース
2,アンカー・ジャパン㈱,1,加須センター,290,ネステナ,B,002,036,05,卸,指定した業態に優先して取り置く,,*29000203605*,B-002-036-05,3,ケース
2,アンカー・ジャパン㈱,1,加須センター,290,ネステナ,B,003,036,05,卸,指定した業態に優先して取り置く,,*29000303605*,B-003-036-05,3,ケース
2,アンカー・ジャパン㈱,1,加須センター,290,ネステナ,B,004,036,05,卸,指定した業態に優先して取り置く,,*29000403605*,B-004-036-05,3,ケース
2,アンカー・ジャパン㈱,1,加須センター,290,ネステナ,B,001,036,06,卸,指定した業態に優先して取り置く,,*29000103606*,B-001-036-06,3,ケース
2,アンカー・ジャパン㈱,1,加須センター,290,ネステナ,B,002,036,06,卸,指定した業態に優先して取り置く,,*29000203606*,B-002-036-06,3,ケース
2,アンカー・ジャパン㈱,1,加須センター,290,ネステナ,B,003,036,06,卸,指定した業態に優先して取り置く,,*29000303606*,B-003-036-06,3,ケース
2,アンカー・ジャパン㈱,1,加須センター,290,ネステナ,B,004,036,06,卸,指定した業態に優先して取り置く,,*29000403606*,B-004-036-06,3,ケース
2,アンカー・ジャパン㈱,1,加須センター,290,ネステナ,B,001,036,07,卸,指定した業態に優先して取り置く,,*29000103607*,B-001-036-07,3,ケース
2,アンカー・ジャパン㈱,1,加須センター,290,ネステナ,B,002,036,07,卸,指定した業態に優先して取り置く,,*29000203607*,B-002-036-07,3,ケース
2,アンカー・ジャパン㈱,1,加須センター,290,ネステナ,B,003,036,07,卸,指定した業態に優先して取り置く,,*29000303607*,B-003-036-07,3,ケース
2,アンカー・ジャパン㈱,1,加須センター,290,ネステナ,B,004,036,07,卸,指定した業態に優先して取り置く,,*29000403607*,B-004-036-07,3,ケース
2,アンカー・ジャパン㈱,1,加須センター,290,ネステナ,B,001,036,08,卸,指定した業態に優先して取り置く,,*29000103608*,B-001-036-08,3,ケース
2,アンカー・ジャパン㈱,1,加須センター,290,ネステナ,B,002,036,08,卸,指定した業態に優先して取り置く,,*29000203608*,B-002-036-08,3,ケース
2,アンカー・ジャパン㈱,1,加須センター,290,ネステナ,B,003,036,08,卸,指定した業態に優先して取り置く,,*29000303608*,B-003-036-08,3,ケース
2,アンカー・ジャパン㈱,1,加須センター,290,ネステナ,B,004,036,08,卸,指定した業態に優先して取り置く,,*29000403608*,B-004-036-08,3,ケース
2,アンカー・ジャパン㈱,1,加須センター,290,ネステナ,B,001,036,09,卸,指定した業態に優先して取り置く,,*29000103609*,B-001-036-09,3,ケース
2,アンカー・ジャパン㈱,1,加須センター,290,ネステナ,B,002,036,09,卸,指定した業態に優先して取り置く,,*29000203609*,B-002-036-09,3,ケース
2,アンカー・ジャパン㈱,1,加須センター,290,ネステナ,B,003,036,09,卸,指定した業態に優先して取り置く,,*29000303609*,B-003-036-09,3,ケース
2,アンカー・ジャパン㈱,1,加須センター,290,ネステナ,B,004,036,09,卸,指定した業態に優先して取り置く,,*29000403609*,B-004-036-09,3,ケース
2,アンカー・ジャパン㈱,1,加須センター,290,ネステナ,B,001,036,10,卸,指定した業態に優先して取り置く,,*29000103610*,B-001-036-10,3,ケース
2,アンカー・ジャパン㈱,1,加須センター,290,ネステナ,B,002,036,10,卸,指定した業態に優先して取り置く,,*29000203610*,B-002-036-10,3,ケース
2,アンカー・ジャパン㈱,1,加須センター,290,ネステナ,B,003,036,10,卸,指定した業態に優先して取り置く,,*29000303610*,B-003-036-10,3,ケース
2,アンカー・ジャパン㈱,1,加須センター,290,ネステナ,B,004,036,10,卸,指定した業態に優先して取り置く,,*29000403610*,B-004-036-10,3,ケース
2,アンカー・ジャパン㈱,1,加須センター,290,ネステナ,B,001,037,01,卸,指定した業態に優先して取り置く,,*29000103701*,B-001-037-01,3,ケース
2,アンカー・ジャパン㈱,1,加須センター,290,ネステナ,B,002,037,01,卸,指定した業態に優先して取り置く,,*29000203701*,B-002-037-01,3,ケース
2,アンカー・ジャパン㈱,1,加須センター,290,ネステナ,B,003,037,01,卸,指定した業態に優先して取り置く,,*29000303701*,B-003-037-01,3,ケース
2,アンカー・ジャパン㈱,1,加須センター,290,ネステナ,B,004,037,01,卸,指定した業態に優先して取り置く,,*29000403701*,B-004-037-01,3,ケース
2,アンカー・ジャパン㈱,1,加須センター,290,ネステナ,B,001,037,02,卸,指定した業態に優先して取り置く,,*29000103702*,B-001-037-02,3,ケース
2,アンカー・ジャパン㈱,1,加須センター,290,ネステナ,B,002,037,02,卸,指定した業態に優先して取り置く,,*29000203702*,B-002-037-02,3,ケース
2,アンカー・ジャパン㈱,1,加須センター,290,ネステナ,B,003,037,02,卸,指定した業態に優先して取り置く,,*29000303702*,B-003-037-02,3,ケース
2,アンカー・ジャパン㈱,1,加須センター,290,ネステナ,B,004,037,02,卸,指定した業態に優先して取り置く,,*29000403702*,B-004-037-02,3,ケース
2,アンカー・ジャパン㈱,1,加須センター,290,ネステナ,B,001,037,03,卸,指定した業態に優先して取り置く,,*29000103703*,B-001-037-03,3,ケース
2,アンカー・ジャパン㈱,1,加須センター,290,ネステナ,B,002,037,03,卸,指定した業態に優先して取り置く,,*29000203703*,B-002-037-03,3,ケース
2,アンカー・ジャパン㈱,1,加須センター,290,ネステナ,B,003,037,03,卸,指定した業態に優先して取り置く,,*29000303703*,B-003-037-03,3,ケース
2,アンカー・ジャパン㈱,1,加須センター,290,ネステナ,B,004,037,03,卸,指定した業態に優先して取り置く,,*29000403703*,B-004-037-03,3,ケース
2,アンカー・ジャパン㈱,1,加須センター,290,ネステナ,B,001,037,04,卸,指定した業態に優先して取り置く,,*29000103704*,B-001-037-04,3,ケース
2,アンカー・ジャパン㈱,1,加須センター,290,ネステナ,B,002,037,04,卸,指定した業態に優先して取り置く,,*29000203704*,B-002-037-04,3,ケース
2,アンカー・ジャパン㈱,1,加須センター,290,ネステナ,B,003,037,04,卸,指定した業態に優先して取り置く,,*29000303704*,B-003-037-04,3,ケース
2,アンカー・ジャパン㈱,1,加須センター,290,ネステナ,B,004,037,04,卸,指定した業態に優先して取り置く,,*29000403704*,B-004-037-04,3,ケース
2,アンカー・ジャパン㈱,1,加須センター,290,ネステナ,B,001,037,05,卸,指定した業態に優先して取り置く,,*29000103705*,B-001-037-05,3,ケース
2,アンカー・ジャパン㈱,1,加須センター,290,ネステナ,B,002,037,05,卸,指定した業態に優先して取り置く,,*29000203705*,B-002-037-05,3,ケース
2,アンカー・ジャパン㈱,1,加須センター,290,ネステナ,B,003,037,05,卸,指定した業態に優先して取り置く,,*29000303705*,B-003-037-05,3,ケース
2,アンカー・ジャパン㈱,1,加須センター,290,ネステナ,B,004,037,05,卸,指定した業態に優先して取り置く,,*29000403705*,B-004-037-05,3,ケース
2,アンカー・ジャパン㈱,1,加須センター,290,ネステナ,B,001,037,06,卸,指定した業態に優先して取り置く,,*29000103706*,B-001-037-06,3,ケース
2,アンカー・ジャパン㈱,1,加須センター,290,ネステナ,B,002,037,06,卸,指定した業態に優先して取り置く,,*29000203706*,B-002-037-06,3,ケース
2,アンカー・ジャパン㈱,1,加須センター,290,ネステナ,B,003,037,06,卸,指定した業態に優先して取り置く,,*29000303706*,B-003-037-06,3,ケース
2,アンカー・ジャパン㈱,1,加須センター,290,ネステナ,B,004,037,06,卸,指定した業態に優先して取り置く,,*29000403706*,B-004-037-06,3,ケース
2,アンカー・ジャパン㈱,1,加須センター,290,ネステナ,B,001,037,07,卸,指定した業態に優先して取り置く,,*29000103707*,B-001-037-07,3,ケース
2,アンカー・ジャパン㈱,1,加須センター,290,ネステナ,B,002,037,07,卸,指定した業態に優先して取り置く,,*29000203707*,B-002-037-07,3,ケース
2,アンカー・ジャパン㈱,1,加須センター,290,ネステナ,B,003,037,07,卸,指定した業態に優先して取り置く,,*29000303707*,B-003-037-07,3,ケース
2,アンカー・ジャパン㈱,1,加須センター,290,ネステナ,B,004,037,07,卸,指定した業態に優先して取り置く,,*29000403707*,B-004-037-07,3,ケース
2,アンカー・ジャパン㈱,1,加須センター,290,ネステナ,B,001,037,08,卸,指定した業態に優先して取り置く,,*29000103708*,B-001-037-08,3,ケース
2,アンカー・ジャパン㈱,1,加須センター,290,ネステナ,B,002,037,08,卸,指定した業態に優先して取り置く,,*29000203708*,B-002-037-08,3,ケース
2,アンカー・ジャパン㈱,1,加須センター,290,ネステナ,B,003,037,08,卸,指定した業態に優先して取り置く,,*29000303708*,B-003-037-08,3,ケース
2,アンカー・ジャパン㈱,1,加須センター,290,ネステナ,B,004,037,08,卸,指定した業態に優先して取り置く,,*29000403708*,B-004-037-08,3,ケース
2,アンカー・ジャパン㈱,1,加須センター,290,ネステナ,B,001,037,09,卸,指定した業態に優先して取り置く,,*29000103709*,B-001-037-09,3,ケース
2,アンカー・ジャパン㈱,1,加須センター,290,ネステナ,B,002,037,09,卸,指定した業態に優先して取り置く,,*29000203709*,B-002-037-09,3,ケース
2,アンカー・ジャパン㈱,1,加須センター,290,ネステナ,B,003,037,09,卸,指定した業態に優先して取り置く,,*29000303709*,B-003-037-09,3,ケース
2,アンカー・ジャパン㈱,1,加須センター,290,ネステナ,B,004,037,09,卸,指定した業態に優先して取り置く,,*29000403709*,B-004-037-09,3,ケース
2,アンカー・ジャパン㈱,1,加須センター,290,ネステナ,B,001,037,10,卸,指定した業態に優先して取り置く,,*29000103710*,B-001-037-10,3,ケース
2,アンカー・ジャパン㈱,1,加須センター,290,ネステナ,B,002,037,10,卸,指定した業態に優先して取り置く,,*29000203710*,B-002-037-10,3,ケース
2,アンカー・ジャパン㈱,1,加須センター,290,ネステナ,B,003,037,10,卸,指定した業態に優先して取り置く,,*29000303710*,B-003-037-10,3,ケース
2,アンカー・ジャパン㈱,1,加須センター,290,ネステナ,B,004,037,10,卸,指定した業態に優先して取り置く,,*29000403710*,B-004-037-10,3,ケース
2,アンカー・ジャパン㈱,1,加須センター,290,ネステナ,B,001,038,01,卸,指定した業態に優先して取り置く,,*29000103801*,B-001-038-01,3,ケース
2,アンカー・ジャパン㈱,1,加須センター,290,ネステナ,B,002,038,01,卸,指定した業態に優先して取り置く,,*29000203801*,B-002-038-01,3,ケース
2,アンカー・ジャパン㈱,1,加須センター,290,ネステナ,B,003,038,01,卸,指定した業態に優先して取り置く,,*29000303801*,B-003-038-01,3,ケース
2,アンカー・ジャパン㈱,1,加須センター,290,ネステナ,B,004,038,01,卸,指定した業態に優先して取り置く,,*29000403801*,B-004-038-01,3,ケース
2,アンカー・ジャパン㈱,1,加須センター,290,ネステナ,B,001,038,02,卸,指定した業態に優先して取り置く,,*29000103802*,B-001-038-02,3,ケース
2,アンカー・ジャパン㈱,1,加須センター,290,ネステナ,B,002,038,02,卸,指定した業態に優先して取り置く,,*29000203802*,B-002-038-02,3,ケース
2,アンカー・ジャパン㈱,1,加須センター,290,ネステナ,B,003,038,02,卸,指定した業態に優先して取り置く,,*29000303802*,B-003-038-02,3,ケース
2,アンカー・ジャパン㈱,1,加須センター,290,ネステナ,B,004,038,02,卸,指定した業態に優先して取り置く,,*29000403802*,B-004-038-02,3,ケース
2,アンカー・ジャパン㈱,1,加須センター,290,ネステナ,B,001,038,03,卸,指定した業態に優先して取り置く,,*29000103803*,B-001-038-03,3,ケース
2,アンカー・ジャパン㈱,1,加須センター,290,ネステナ,B,002,038,03,卸,指定した業態に優先して取り置く,,*29000203803*,B-002-038-03,3,ケース
2,アンカー・ジャパン㈱,1,加須センター,290,ネステナ,B,003,038,03,卸,指定した業態に優先して取り置く,,*29000303803*,B-003-038-03,3,ケース
2,アンカー・ジャパン㈱,1,加須センター,290,ネステナ,B,004,038,03,卸,指定した業態に優先して取り置く,,*29000403803*,B-004-038-03,3,ケース
2,アンカー・ジャパン㈱,1,加須センター,290,ネステナ,B,001,038,04,卸,指定した業態に優先して取り置く,,*29000103804*,B-001-038-04,3,ケース
2,アンカー・ジャパン㈱,1,加須センター,290,ネステナ,B,002,038,04,卸,指定した業態に優先して取り置く,,*29000203804*,B-002-038-04,3,ケース
2,アンカー・ジャパン㈱,1,加須センター,290,ネステナ,B,003,038,04,卸,指定した業態に優先して取り置く,,*29000303804*,B-003-038-04,3,ケース
2,アンカー・ジャパン㈱,1,加須センター,290,ネステナ,B,004,038,04,卸,指定した業態に優先して取り置く,,*29000403804*,B-004-038-04,3,ケース
2,アンカー・ジャパン㈱,1,加須センター,290,ネステナ,B,001,038,05,卸,指定した業態に優先して取り置く,,*29000103805*,B-001-038-05,3,ケース
2,アンカー・ジャパン㈱,1,加須センター,290,ネステナ,B,002,038,05,卸,指定した業態に優先して取り置く,,*29000203805*,B-002-038-05,3,ケース
2,アンカー・ジャパン㈱,1,加須センター,290,ネステナ,B,003,038,05,卸,指定した業態に優先して取り置く,,*29000303805*,B-003-038-05,3,ケース
2,アンカー・ジャパン㈱,1,加須センター,290,ネステナ,B,004,038,05,卸,指定した業態に優先して取り置く,,*29000403805*,B-004-038-05,3,ケース
2,アンカー・ジャパン㈱,1,加須センター,290,ネステナ,B,001,038,06,卸,指定した業態に優先して取り置く,,*29000103806*,B-001-038-06,3,ケース
2,アンカー・ジャパン㈱,1,加須センター,290,ネステナ,B,002,038,06,卸,指定した業態に優先して取り置く,,*29000203806*,B-002-038-06,3,ケース
2,アンカー・ジャパン㈱,1,加須センター,290,ネステナ,B,003,038,06,卸,指定した業態に優先して取り置く,,*29000303806*,B-003-038-06,3,ケース
2,アンカー・ジャパン㈱,1,加須センター,290,ネステナ,B,004,038,06,卸,指定した業態に優先して取り置く,,*29000403806*,B-004-038-06,3,ケース
2,アンカー・ジャパン㈱,1,加須センター,290,ネステナ,B,001,038,07,卸,指定した業態に優先して取り置く,,*29000103807*,B-001-038-07,3,ケース
2,アンカー・ジャパン㈱,1,加須センター,290,ネステナ,B,002,038,07,卸,指定した業態に優先して取り置く,,*29000203807*,B-002-038-07,3,ケース
2,アンカー・ジャパン㈱,1,加須センター,290,ネステナ,B,003,038,07,卸,指定した業態に優先して取り置く,,*29000303807*,B-003-038-07,3,ケース
2,アンカー・ジャパン㈱,1,加須センター,290,ネステナ,B,004,038,07,卸,指定した業態に優先して取り置く,,*29000403807*,B-004-038-07,3,ケース
2,アンカー・ジャパン㈱,1,加須センター,290,ネステナ,B,001,038,08,卸,指定した業態に優先して取り置く,,*29000103808*,B-001-038-08,3,ケース
2,アンカー・ジャパン㈱,1,加須センター,290,ネステナ,B,002,038,08,卸,指定した業態に優先して取り置く,,*29000203808*,B-002-038-08,3,ケース
2,アンカー・ジャパン㈱,1,加須センター,290,ネステナ,B,003,038,08,卸,指定した業態に優先して取り置く,,*29000303808*,B-003-038-08,3,ケース
2,アンカー・ジャパン㈱,1,加須センター,290,ネステナ,B,004,038,08,卸,指定した業態に優先して取り置く,,*29000403808*,B-004-038-08,3,ケース
2,アンカー・ジャパン㈱,1,加須センター,290,ネステナ,B,001,038,09,卸,指定した業態に優先して取り置く,,*29000103809*,B-001-038-09,3,ケース
2,アンカー・ジャパン㈱,1,加須センター,290,ネステナ,B,002,038,09,卸,指定した業態に優先して取り置く,,*29000203809*,B-002-038-09,3,ケース
2,アンカー・ジャパン㈱,1,加須センター,290,ネステナ,B,003,038,09,卸,指定した業態に優先して取り置く,,*29000303809*,B-003-038-09,3,ケース
2,アンカー・ジャパン㈱,1,加須センター,290,ネステナ,B,004,038,09,卸,指定した業態に優先して取り置く,,*29000403809*,B-004-038-09,3,ケース
2,アンカー・ジャパン㈱,1,加須センター,290,ネステナ,B,001,038,10,卸,指定した業態に優先して取り置く,,*29000103810*,B-001-038-10,3,ケース
2,アンカー・ジャパン㈱,1,加須センター,290,ネステナ,B,002,038,10,卸,指定した業態に優先して取り置く,,*29000203810*,B-002-038-10,3,ケース
2,アンカー・ジャパン㈱,1,加須センター,290,ネステナ,B,003,038,10,卸,指定した業態に優先して取り置く,,*29000303810*,B-003-038-10,3,ケース
2,アンカー・ジャパン㈱,1,加須センター,290,ネステナ,B,004,038,10,卸,指定した業態に優先して取り置く,,*29000403810*,B-004-038-10,3,ケース
2,アンカー・ジャパン㈱,1,加須センター,290,ネステナ,B,001,038,13,卸,指定した業態に優先して取り置く,,*29000103813*,B-001-038-13,3,ケース
2,アンカー・ジャパン㈱,1,加須センター,290,ネステナ,B,002,038,13,卸,指定した業態に優先して取り置く,,*29000203813*,B-002-038-13,3,ケース
2,アンカー・ジャパン㈱,1,加須センター,290,ネステナ,B,003,038,13,卸,指定した業態に優先して取り置く,,*29000303813*,B-003-038-13,3,ケース
2,アンカー・ジャパン㈱,1,加須センター,290,ネステナ,B,004,038,13,卸,指定した業態に優先して取り置く,,*29000403813*,B-004-038-13,3,ケース
2,アンカー・ジャパン㈱,1,加須センター,290,ネステナ,B,001,038,20,卸,指定した業態に優先して取り置く,,*29000103820*,B-001-038-20,3,ケース
2,アンカー・ジャパン㈱,1,加須センター,290,ネステナ,B,002,038,20,卸,指定した業態に優先して取り置く,,*29000203820*,B-002-038-20,3,ケース
2,アンカー・ジャパン㈱,1,加須センター,290,ネステナ,B,003,038,20,卸,指定した業態に優先して取り置く,,*29000303820*,B-003-038-20,3,ケース
2,アンカー・ジャパン㈱,1,加須センター,290,ネステナ,B,004,038,20,卸,指定した業態に優先して取り置く,,*29000403820*,B-004-038-20,3,ケース
2,アンカー・ジャパン㈱,1,加須センター,290,ネステナ,B,001,038,21,卸,指定した業態に優先して取り置く,,*29000103821*,B-001-038-21,3,ケース
2,アンカー・ジャパン㈱,1,加須センター,290,ネステナ,B,002,038,21,卸,指定した業態に優先して取り置く,,*29000203821*,B-002-038-21,3,ケース
2,アンカー・ジャパン㈱,1,加須センター,290,ネステナ,B,003,038,21,卸,指定した業態に優先して取り置く,,*29000303821*,B-003-038-21,3,ケース
2,アンカー・ジャパン㈱,1,加須センター,290,ネステナ,B,004,038,21,卸,指定した業態に優先して取り置く,,*29000403821*,B-004-038-21,3,ケース
2,アンカー・ジャパン㈱,1,加須センター,290,ネステナ,B,001,039,01,卸,指定した業態に優先して取り置く,,*29000103901*,B-001-039-01,3,ケース
2,アンカー・ジャパン㈱,1,加須センター,290,ネステナ,B,002,039,01,卸,指定した業態に優先して取り置く,,*29000203901*,B-002-039-01,3,ケース
2,アンカー・ジャパン㈱,1,加須センター,290,ネステナ,B,003,039,01,卸,指定した業態に優先して取り置く,,*29000303901*,B-003-039-01,3,ケース
2,アンカー・ジャパン㈱,1,加須センター,290,ネステナ,B,004,039,01,卸,指定した業態に優先して取り置く,,*29000403901*,B-004-039-01,3,ケース
2,アンカー・ジャパン㈱,1,加須センター,290,ネステナ,B,001,039,02,卸,指定した業態に優先して取り置く,,*29000103902*,B-001-039-02,3,ケース
2,アンカー・ジャパン㈱,1,加須センター,290,ネステナ,B,002,039,02,卸,指定した業態に優先して取り置く,,*29000203902*,B-002-039-02,3,ケース
2,アンカー・ジャパン㈱,1,加須センター,290,ネステナ,B,003,039,02,卸,指定した業態に優先して取り置く,,*29000303902*,B-003-039-02,3,ケース
2,アンカー・ジャパン㈱,1,加須センター,290,ネステナ,B,004,039,02,卸,指定した業態に優先して取り置く,,*29000403902*,B-004-039-02,3,ケース
2,アンカー・ジャパン㈱,1,加須センター,290,ネステナ,B,001,039,03,卸,指定した業態に優先して取り置く,,*29000103903*,B-001-039-03,3,ケース
2,アンカー・ジャパン㈱,1,加須センター,290,ネステナ,B,002,039,03,卸,指定した業態に優先して取り置く,,*29000203903*,B-002-039-03,3,ケース
2,アンカー・ジャパン㈱,1,加須センター,290,ネステナ,B,003,039,03,卸,指定した業態に優先して取り置く,,*29000303903*,B-003-039-03,3,ケース
2,アンカー・ジャパン㈱,1,加須センター,290,ネステナ,B,004,039,03,卸,指定した業態に優先して取り置く,,*29000403903*,B-004-039-03,3,ケース
2,アンカー・ジャパン㈱,1,加須センター,290,ネステナ,B,001,039,04,卸,指定した業態に優先して取り置く,,*29000103904*,B-001-039-04,3,ケース
2,アンカー・ジャパン㈱,1,加須センター,290,ネステナ,B,002,039,04,卸,指定した業態に優先して取り置く,,*29000203904*,B-002-039-04,3,ケース
2,アンカー・ジャパン㈱,1,加須センター,290,ネステナ,B,003,039,04,卸,指定した業態に優先して取り置く,,*29000303904*,B-003-039-04,3,ケース
2,アンカー・ジャパン㈱,1,加須センター,290,ネステナ,B,004,039,04,卸,指定した業態に優先して取り置く,,*29000403904*,B-004-039-04,3,ケース
2,アンカー・ジャパン㈱,1,加須センター,290,ネステナ,B,001,039,05,卸,指定した業態に優先して取り置く,,*29000103905*,B-001-039-05,3,ケース
2,アンカー・ジャパン㈱,1,加須センター,290,ネステナ,B,002,039,05,卸,指定した業態に優先して取り置く,,*29000203905*,B-002-039-05,3,ケース
2,アンカー・ジャパン㈱,1,加須センター,290,ネステナ,B,003,039,05,卸,指定した業態に優先して取り置く,,*29000303905*,B-003-039-05,3,ケース
2,アンカー・ジャパン㈱,1,加須センター,290,ネステナ,B,004,039,05,卸,指定した業態に優先して取り置く,,*29000403905*,B-004-039-05,3,ケース
2,アンカー・ジャパン㈱,1,加須センター,290,ネステナ,B,001,039,06,卸,指定した業態に優先して取り置く,,*29000103906*,B-001-039-06,3,ケース
2,アンカー・ジャパン㈱,1,加須センター,290,ネステナ,B,002,039,06,卸,指定した業態に優先して取り置く,,*29000203906*,B-002-039-06,3,ケース
2,アンカー・ジャパン㈱,1,加須センター,290,ネステナ,B,003,039,06,卸,指定した業態に優先して取り置く,,*29000303906*,B-003-039-06,3,ケース
2,アンカー・ジャパン㈱,1,加須センター,290,ネステナ,B,004,039,06,卸,指定した業態に優先して取り置く,,*29000403906*,B-004-039-06,3,ケース
2,アンカー・ジャパン㈱,1,加須センター,290,ネステナ,B,001,039,07,卸,指定した業態に優先して取り置く,,*29000103907*,B-001-039-07,3,ケース
2,アンカー・ジャパン㈱,1,加須センター,290,ネステナ,B,002,039,07,卸,指定した業態に優先して取り置く,,*29000203907*,B-002-039-07,3,ケース
2,アンカー・ジャパン㈱,1,加須センター,290,ネステナ,B,003,039,07,卸,指定した業態に優先して取り置く,,*29000303907*,B-003-039-07,3,ケース
2,アンカー・ジャパン㈱,1,加須センター,290,ネステナ,B,004,039,07,卸,指定した業態に優先して取り置く,,*29000403907*,B-004-039-07,3,ケース
2,アンカー・ジャパン㈱,1,加須センター,290,ネステナ,B,001,039,08,卸,指定した業態に優先して取り置く,,*29000103908*,B-001-039-08,3,ケース
2,アンカー・ジャパン㈱,1,加須センター,290,ネステナ,B,002,039,08,卸,指定した業態に優先して取り置く,,*29000203908*,B-002-039-08,3,ケース
2,アンカー・ジャパン㈱,1,加須センター,290,ネステナ,B,003,039,08,卸,指定した業態に優先して取り置く,,*29000303908*,B-003-039-08,3,ケース
2,アンカー・ジャパン㈱,1,加須センター,290,ネステナ,B,004,039,08,卸,指定した業態に優先して取り置く,,*29000403908*,B-004-039-08,3,ケース
2,アンカー・ジャパン㈱,1,加須センター,290,ネステナ,B,001,039,09,卸,指定した業態に優先して取り置く,,*29000103909*,B-001-039-09,3,ケース
2,アンカー・ジャパン㈱,1,加須センター,290,ネステナ,B,002,039,09,卸,指定した業態に優先して取り置く,,*29000203909*,B-002-039-09,3,ケース
2,アンカー・ジャパン㈱,1,加須センター,290,ネステナ,B,003,039,09,卸,指定した業態に優先して取り置く,,*29000303909*,B-003-039-09,3,ケース
2,アンカー・ジャパン㈱,1,加須センター,290,ネステナ,B,004,039,09,卸,指定した業態に優先して取り置く,,*29000403909*,B-004-039-09,3,ケース
2,アンカー・ジャパン㈱,1,加須センター,290,ネステナ,B,001,039,10,卸,指定した業態に優先して取り置く,,*29000103910*,B-001-039-10,3,ケース
2,アンカー・ジャパン㈱,1,加須センター,290,ネステナ,B,002,039,10,卸,指定した業態に優先して取り置く,,*29000203910*,B-002-039-10,3,ケース
2,アンカー・ジャパン㈱,1,加須センター,290,ネステナ,B,003,039,10,卸,指定した業態に優先して取り置く,,*29000303910*,B-003-039-10,3,ケース
2,アンカー・ジャパン㈱,1,加須センター,290,ネステナ,B,004,039,10,卸,指定した業態に優先して取り置く,,*29000403910*,B-004-039-10,3,ケース
2,アンカー・ジャパン㈱,1,加須センター,290,ネステナ,B,001,040,01,卸,指定した業態に優先して取り置く,,*29000104001*,B-001-040-01,3,ケース
2,アンカー・ジャパン㈱,1,加須センター,290,ネステナ,B,002,040,01,卸,指定した業態に優先して取り置く,,*29000204001*,B-002-040-01,3,ケース
2,アンカー・ジャパン㈱,1,加須センター,290,ネステナ,B,003,040,01,卸,指定した業態に優先して取り置く,,*29000304001*,B-003-040-01,3,ケース
2,アンカー・ジャパン㈱,1,加須センター,290,ネステナ,B,004,040,01,卸,指定した業態に優先して取り置く,,*29000404001*,B-004-040-01,3,ケース
2,アンカー・ジャパン㈱,1,加須センター,290,ネステナ,B,001,040,02,卸,指定した業態に優先して取り置く,,*29000104002*,B-001-040-02,3,ケース
2,アンカー・ジャパン㈱,1,加須センター,290,ネステナ,B,002,040,02,卸,指定した業態に優先して取り置く,,*29000204002*,B-002-040-02,3,ケース
2,アンカー・ジャパン㈱,1,加須センター,290,ネステナ,B,003,040,02,卸,指定した業態に優先して取り置く,,*29000304002*,B-003-040-02,3,ケース
2,アンカー・ジャパン㈱,1,加須センター,290,ネステナ,B,004,040,02,卸,指定した業態に優先して取り置く,,*29000404002*,B-004-040-02,3,ケース
2,アンカー・ジャパン㈱,1,加須センター,290,ネステナ,B,001,040,03,卸,指定した業態に優先して取り置く,,*29000104003*,B-001-040-03,3,ケース
2,アンカー・ジャパン㈱,1,加須センター,290,ネステナ,B,002,040,03,卸,指定した業態に優先して取り置く,,*29000204003*,B-002-040-03,3,ケース
2,アンカー・ジャパン㈱,1,加須センター,290,ネステナ,B,003,040,03,卸,指定した業態に優先して取り置く,,*29000304003*,B-003-040-03,3,ケース
2,アンカー・ジャパン㈱,1,加須センター,290,ネステナ,B,004,040,03,卸,指定した業態に優先して取り置く,,*29000404003*,B-004-040-03,3,ケース
2,アンカー・ジャパン㈱,1,加須センター,290,ネステナ,B,001,040,04,卸,指定した業態に優先して取り置く,,*29000104004*,B-001-040-04,3,ケース
2,アンカー・ジャパン㈱,1,加須センター,290,ネステナ,B,002,040,04,卸,指定した業態に優先して取り置く,,*29000204004*,B-002-040-04,3,ケース
2,アンカー・ジャパン㈱,1,加須センター,290,ネステナ,B,003,040,04,卸,指定した業態に優先して取り置く,,*29000304004*,B-003-040-04,3,ケース
2,アンカー・ジャパン㈱,1,加須センター,290,ネステナ,B,004,040,04,卸,指定した業態に優先して取り置く,,*29000404004*,B-004-040-04,3,ケース
2,アンカー・ジャパン㈱,1,加須センター,290,ネステナ,B,001,040,05,卸,指定した業態に優先して取り置く,,*29000104005*,B-001-040-05,3,ケース
2,アンカー・ジャパン㈱,1,加須センター,290,ネステナ,B,002,040,05,卸,指定した業態に優先して取り置く,,*29000204005*,B-002-040-05,3,ケース
2,アンカー・ジャパン㈱,1,加須センター,290,ネステナ,B,003,040,05,卸,指定した業態に優先して取り置く,,*29000304005*,B-003-040-05,3,ケース
2,アンカー・ジャパン㈱,1,加須センター,290,ネステナ,B,004,040,05,卸,指定した業態に優先して取り置く,,*29000404005*,B-004-040-05,3,ケース
2,アンカー・ジャパン㈱,1,加須センター,290,ネステナ,B,001,040,06,卸,指定した業態に優先して取り置く,,*29000104006*,B-001-040-06,3,ケース
2,アンカー・ジャパン㈱,1,加須センター,290,ネステナ,B,002,040,06,卸,指定した業態に優先して取り置く,,*29000204006*,B-002-040-06,3,ケース
2,アンカー・ジャパン㈱,1,加須センター,290,ネステナ,B,003,040,06,卸,指定した業態に優先して取り置く,,*29000304006*,B-003-040-06,3,ケース
2,アンカー・ジャパン㈱,1,加須センター,290,ネステナ,B,004,040,06,卸,指定した業態に優先して取り置く,,*29000404006*,B-004-040-06,3,ケース
2,アンカー・ジャパン㈱,1,加須センター,290,ネステナ,B,001,040,07,卸,指定した業態に優先して取り置く,,*29000104007*,B-001-040-07,3,ケース
2,アンカー・ジャパン㈱,1,加須センター,290,ネステナ,B,002,040,07,卸,指定した業態に優先して取り置く,,*29000204007*,B-002-040-07,3,ケース
2,アンカー・ジャパン㈱,1,加須センター,290,ネステナ,B,003,040,07,卸,指定した業態に優先して取り置く,,*29000304007*,B-003-040-07,3,ケース
2,アンカー・ジャパン㈱,1,加須センター,290,ネステナ,B,004,040,07,卸,指定した業態に優先して取り置く,,*29000404007*,B-004-040-07,3,ケース
2,アンカー・ジャパン㈱,1,加須センター,290,ネステナ,B,001,040,08,卸,指定した業態に優先して取り置く,,*29000104008*,B-001-040-08,3,ケース
2,アンカー・ジャパン㈱,1,加須センター,290,ネステナ,B,002,040,08,卸,指定した業態に優先して取り置く,,*29000204008*,B-002-040-08,3,ケース
2,アンカー・ジャパン㈱,1,加須センター,290,ネステナ,B,003,040,08,卸,指定した業態に優先して取り置く,,*29000304008*,B-003-040-08,3,ケース
2,アンカー・ジャパン㈱,1,加須センター,290,ネステナ,B,004,040,08,卸,指定した業態に優先して取り置く,,*29000404008*,B-004-040-08,3,ケース
2,アンカー・ジャパン㈱,1,加須センター,290,ネステナ,B,001,040,09,卸,指定した業態に優先して取り置く,,*29000104009*,B-001-040-09,3,ケース
2,アンカー・ジャパン㈱,1,加須センター,290,ネステナ,B,002,040,09,卸,指定した業態に優先して取り置く,,*29000204009*,B-002-040-09,3,ケース
2,アンカー・ジャパン㈱,1,加須センター,290,ネステナ,B,003,040,09,卸,指定した業態に優先して取り置く,,*29000304009*,B-003-040-09,3,ケース
2,アンカー・ジャパン㈱,1,加須センター,290,ネステナ,B,004,040,09,卸,指定した業態に優先して取り置く,,*29000404009*,B-004-040-09,3,ケース
2,アンカー・ジャパン㈱,1,加須センター,290,ネステナ,B,001,040,10,卸,指定した業態に優先して取り置く,,*29000104010*,B-001-040-10,3,ケース
2,アンカー・ジャパン㈱,1,加須センター,290,ネステナ,B,002,040,10,卸,指定した業態に優先して取り置く,,*29000204010*,B-002-040-10,3,ケース
2,アンカー・ジャパン㈱,1,加須センター,290,ネステナ,B,003,040,10,卸,指定した業態に優先して取り置く,,*29000304010*,B-003-040-10,3,ケース
2,アンカー・ジャパン㈱,1,加須センター,290,ネステナ,B,004,040,10,卸,指定した業態に優先して取り置く,,*29000404010*,B-004-040-10,3,ケース
2,アンカー・ジャパン㈱,1,加須センター,290,ネステナ,B,001,041,01,卸,指定した業態に優先して取り置く,,*29000104101*,B-001-041-01,3,ケース
2,アンカー・ジャパン㈱,1,加須センター,290,ネステナ,B,002,041,01,卸,指定した業態に優先して取り置く,,*29000204101*,B-002-041-01,3,ケース
2,アンカー・ジャパン㈱,1,加須センター,290,ネステナ,B,003,041,01,卸,指定した業態に優先して取り置く,,*29000304101*,B-003-041-01,3,ケース
2,アンカー・ジャパン㈱,1,加須センター,290,ネステナ,B,004,041,01,卸,指定した業態に優先して取り置く,,*29000404101*,B-004-041-01,3,ケース
2,アンカー・ジャパン㈱,1,加須センター,290,ネステナ,B,001,041,02,卸,指定した業態に優先して取り置く,,*29000104102*,B-001-041-02,3,ケース
2,アンカー・ジャパン㈱,1,加須センター,290,ネステナ,B,002,041,02,卸,指定した業態に優先して取り置く,,*29000204102*,B-002-041-02,3,ケース
2,アンカー・ジャパン㈱,1,加須センター,290,ネステナ,B,003,041,02,卸,指定した業態に優先して取り置く,,*29000304102*,B-003-041-02,3,ケース
2,アンカー・ジャパン㈱,1,加須センター,290,ネステナ,B,004,041,02,卸,指定した業態に優先して取り置く,,*29000404102*,B-004-041-02,3,ケース
2,アンカー・ジャパン㈱,1,加須センター,290,ネステナ,B,001,041,03,卸,指定した業態に優先して取り置く,,*29000104103*,B-001-041-03,3,ケース
2,アンカー・ジャパン㈱,1,加須センター,290,ネステナ,B,002,041,03,卸,指定した業態に優先して取り置く,,*29000204103*,B-002-041-03,3,ケース
2,アンカー・ジャパン㈱,1,加須センター,290,ネステナ,B,003,041,03,卸,指定した業態に優先して取り置く,,*29000304103*,B-003-041-03,3,ケース
2,アンカー・ジャパン㈱,1,加須センター,290,ネステナ,B,004,041,03,卸,指定した業態に優先して取り置く,,*29000404103*,B-004-041-03,3,ケース
2,アンカー・ジャパン㈱,1,加須センター,290,ネステナ,B,001,041,04,卸,指定した業態に優先して取り置く,,*29000104104*,B-001-041-04,3,ケース
2,アンカー・ジャパン㈱,1,加須センター,290,ネステナ,B,002,041,04,卸,指定した業態に優先して取り置く,,*29000204104*,B-002-041-04,3,ケース
2,アンカー・ジャパン㈱,1,加須センター,290,ネステナ,B,003,041,04,卸,指定した業態に優先して取り置く,,*29000304104*,B-003-041-04,3,ケース
2,アンカー・ジャパン㈱,1,加須センター,290,ネステナ,B,004,041,04,卸,指定した業態に優先して取り置く,,*29000404104*,B-004-041-04,3,ケース
2,アンカー・ジャパン㈱,1,加須センター,290,ネステナ,B,001,041,05,卸,指定した業態に優先して取り置く,,*29000104105*,B-001-041-05,3,ケース
2,アンカー・ジャパン㈱,1,加須センター,290,ネステナ,B,002,041,05,卸,指定した業態に優先して取り置く,,*29000204105*,B-002-041-05,3,ケース
2,アンカー・ジャパン㈱,1,加須センター,290,ネステナ,B,003,041,05,卸,指定した業態に優先して取り置く,,*29000304105*,B-003-041-05,3,ケース
2,アンカー・ジャパン㈱,1,加須センター,290,ネステナ,B,004,041,05,卸,指定した業態に優先して取り置く,,*29000404105*,B-004-041-05,3,ケース
2,アンカー・ジャパン㈱,1,加須センター,290,ネステナ,B,001,041,06,卸,指定した業態に優先して取り置く,,*29000104106*,B-001-041-06,3,ケース
2,アンカー・ジャパン㈱,1,加須センター,290,ネステナ,B,002,041,06,卸,指定した業態に優先して取り置く,,*29000204106*,B-002-041-06,3,ケース
2,アンカー・ジャパン㈱,1,加須センター,290,ネステナ,B,003,041,06,卸,指定した業態に優先して取り置く,,*29000304106*,B-003-041-06,3,ケース
2,アンカー・ジャパン㈱,1,加須センター,290,ネステナ,B,004,041,06,卸,指定した業態に優先して取り置く,,*29000404106*,B-004-041-06,3,ケース
2,アンカー・ジャパン㈱,1,加須センター,290,ネステナ,B,001,041,07,卸,指定した業態に優先して取り置く,,*29000104107*,B-001-041-07,3,ケース
2,アンカー・ジャパン㈱,1,加須センター,290,ネステナ,B,002,041,07,卸,指定した業態に優先して取り置く,,*29000204107*,B-002-041-07,3,ケース
2,アンカー・ジャパン㈱,1,加須センター,290,ネステナ,B,003,041,07,卸,指定した業態に優先して取り置く,,*29000304107*,B-003-041-07,3,ケース
2,アンカー・ジャパン㈱,1,加須センター,290,ネステナ,B,004,041,07,卸,指定した業態に優先して取り置く,,*29000404107*,B-004-041-07,3,ケース
2,アンカー・ジャパン㈱,1,加須センター,290,ネステナ,B,001,041,08,卸,指定した業態に優先して取り置く,,*29000104108*,B-001-041-08,3,ケース
2,アンカー・ジャパン㈱,1,加須センター,290,ネステナ,B,002,041,08,卸,指定した業態に優先して取り置く,,*29000204108*,B-002-041-08,3,ケース
2,アンカー・ジャパン㈱,1,加須センター,290,ネステナ,B,003,041,08,卸,指定した業態に優先して取り置く,,*29000304108*,B-003-041-08,3,ケース
2,アンカー・ジャパン㈱,1,加須センター,290,ネステナ,B,004,041,08,卸,指定した業態に優先して取り置く,,*29000404108*,B-004-041-08,3,ケース
2,アンカー・ジャパン㈱,1,加須センター,290,ネステナ,B,001,041,09,卸,指定した業態に優先して取り置く,,*29000104109*,B-001-041-09,3,ケース
2,アンカー・ジャパン㈱,1,加須センター,290,ネステナ,B,002,041,09,卸,指定した業態に優先して取り置く,,*29000204109*,B-002-041-09,3,ケース
2,アンカー・ジャパン㈱,1,加須センター,290,ネステナ,B,003,041,09,卸,指定した業態に優先して取り置く,,*29000304109*,B-003-041-09,3,ケース
2,アンカー・ジャパン㈱,1,加須センター,290,ネステナ,B,004,041,09,卸,指定した業態に優先して取り置く,,*29000404109*,B-004-041-09,3,ケース
2,アンカー・ジャパン㈱,1,加須センター,290,ネステナ,B,001,041,10,卸,指定した業態に優先して取り置く,,*29000104110*,B-001-041-10,3,ケース
2,アンカー・ジャパン㈱,1,加須センター,290,ネステナ,B,002,041,10,卸,指定した業態に優先して取り置く,,*29000204110*,B-002-041-10,3,ケース
2,アンカー・ジャパン㈱,1,加須センター,290,ネステナ,B,003,041,10,卸,指定した業態に優先して取り置く,,*29000304110*,B-003-041-10,3,ケース
2,アンカー・ジャパン㈱,1,加須センター,290,ネステナ,B,004,041,10,卸,指定した業態に優先して取り置く,,*29000404110*,B-004-041-10,3,ケース